search_query,google_rank,google_result_url,myshopify_domain,final_url,canonical_url,resolved_domain,store_name,email,email_source_url,phone,phone_source_url,contact_url,social_profiles,additional_information,shopify_confidence,relevance_score,lead_score,status,rejection_reason,error
site:myshopify.com/products palazzo pants,3,https://toadandco.myshopify.com/products/chaka-wide-leg-pant-copper-print,,,,,,,,,,,[],,,,,failed,resolution_failed,HTTP 404
site:myshopify.com/products barrel jeans,1,https://everyday-chic-boutique.myshopify.com/products/eyelet-floral-detail-barrel-jeans-light-denim?utm_source=shopthelook&utm_medium=organic,everyday-chic-boutique.myshopify.com,https://www.everydaychicboutique.com/products/eyelet-floral-detail-barrel-jeans-light-denim?utm_source=shopthelook&utm_medium=organic,https://www.everydaychicboutique.com/products/eyelet-floral-detail-barrel-jeans-light-denim,everydaychicboutique.com,"Eyelet Floral Detail Barrel Jeans, Light Denim",support@everydaychicboutique.com,https://www.everydaychicboutique.com/products/eyelet-floral-detail-barrel-jeans-light-denim?utm_source=shopthelook&utm_medium=organic,47732444070108,https://www.everydaychicboutique.com/products/eyelet-floral-detail-barrel-jeans-light-denim?utm_source=shopthelook&utm_medium=organic,https://www.everydaychicboutique.com/pages/contact,"[""http://www.instagram.com/shopeverydaychic"",""https://www.facebook.com/everydaychicboutique/"",""https://youtube.com/@everydaychic"",""https://www.pinterest.com/everydaychicboutique/"",""https://www.tiktok.com/@shopeverydaychic"",""https://www.linkedin.com/in/karli-harris-pennington-2061aa206"",""https://www.facebook.com/groups/1479637932097078/"",""https://www.facebook.com/sharer.php"",""https://pinterest.com/pin/create/button/"",""https://www.instagram.com/keeping.upwith.karli/""]",pages_examined=5; duplicate_results=1,100,100,100,qualified,,
site:myshopify.com/products barrel jeans,2,https://good-american.myshopify.com/products/high-barrel-ankle-indigo1351,good-american.myshopify.com,https://www.goodamerican.com/en-in/products/high-barrel-ankle-indigo1351,https://www.goodamerican.com/products/high-barrel-ankle-indigo1351,goodamerican.com,VINTAGE BARREL ANKLE JEANS | INDIGO1351,press@goodamerican.com,https://www.goodamerican.com/en-in/products/high-barrel-ankle-indigo1351,7681482358867,https://www.goodamerican.com/en-in/products/high-barrel-ankle-indigo1351,,"[""https://www.instagram.com/goodamerican/"",""https://www.tiktok.com/@goodamerican"",""https://www.facebook.com/goodamerican/"",""https://www.pinterest.com/goodamerican/""]",pages_examined=4; page_errors=/en-in/pages/contact-info: Page redirected outside the verified store hostnames,100,80,90,qualified,,
site:myshopify.com/products barrel jeans,3,https://baukjen.myshopify.com/products/wyatt-organic-cotton-stretch-denim-barrel-jeans-terracotta?utm_source=shopthelook&utm_medium=organic,baukjen.myshopify.com,https://www.baukjen.com/products/wyatt-organic-cotton-stretch-denim-barrel-jeans-terracotta?utm_source=shopthelook&utm_medium=organic,https://www.baukjen.com/products/wyatt-organic-cotton-stretch-denim-barrel-jeans-terracotta,baukjen.com,Baukjen,theteam@baukjen.com,https://www.baukjen.com/products/wyatt-organic-cotton-stretch-denim-barrel-jeans-terracotta?utm_source=shopthelook&utm_medium=organic,03448448118,https://www.baukjen.com/products/wyatt-organic-cotton-stretch-denim-barrel-jeans-terracotta?utm_source=shopthelook&utm_medium=organic,https://www.baukjen.com/pages/contact-us,"[""https://www.facebook.com/Baukjen/"",""https://www.instagram.com/baukjen/"",""https://www.youtube.com/user/baukjenTV"",""https://www.tiktok.com/@baukjen"",""https://uk.pinterest.com/baukjen/"",""https://uk.linkedin.com/company/baukjen-group-ltd""]",pages_examined=4,100,100,100,qualified,,
site:myshopify.com/products barrel jeans,4,https://shopdressup.myshopify.com/products/cassidy-medium-wash-high-rise-barrel-jeans?variant=42468615880771,shopdressup.myshopify.com,https://shopdressup.myshopify.com/products/cassidy-medium-wash-high-rise-barrel-jeans?variant=42468615880771,https://shopdressup.com/products/cassidy-medium-wash-high-rise-barrel-jeans,shopdressup.com,Dress Up,sales@shopdressup.com,https://shopdressup.myshopify.com/products/cassidy-medium-wash-high-rise-barrel-jeans?variant=42468615880771,6789892006,https://shopdressup.myshopify.com/products/cassidy-medium-wash-high-rise-barrel-jeans?variant=42468615880771,https://shopdressup.myshopify.com/pages/customer-service,"[""https://facebook.com/shopdressup"",""https://twitter.com/shopdressup"",""https://www.pinterest.com/shopdressup/"",""https://www.instagram.com/shopdressup/"",""https://www.tiktok.com/@shopdressup"",""https://www.facebook.com/sharer.php"",""https://twitter.com/intent/tweet"",""https://pinterest.com/pin/create/button/""]",pages_examined=5; duplicate_results=2,100,100,100,qualified,,
site:myshopify.com/products barrel jeans,5,https://randzshop.myshopify.com/products/blue-stripe-barrel-leg-jeans,randzshop.myshopify.com,https://roandzo.com/products/blue-stripe-barrel-leg-jeans,https://roandzo.com/products/blue-stripe-barrel-leg-jeans,roandzo.com,Blue Stripe Barrel Leg Jeans,,,681012141618,https://roandzo.com/products/blue-stripe-barrel-leg-jeans,https://roandzo.com/pages/new-contact,"[""https://www.instagram.com/ro_and_zo/"",""https://www.facebook.com/roandzowomen""]",pages_examined=5,100,80,82,qualified,,
site:myshopify.com/products barrel jeans,6,https://gigi-the-store.myshopify.com/products/acid-wash-barrel-pants-olive,gigi-the-store.myshopify.com,https://gigi-the-store.myshopify.com/products/acid-wash-barrel-pants-olive,https://gigi-the-store.myshopify.com/products/acid-wash-barrel-pants-olive,gigi-the-store.myshopify.com,Gigi the store,info@gigithestore.com.au,https://gigi-the-store.myshopify.com/pages/contact-us,,,https://gigi-the-store.myshopify.com/pages/contact-us,"[""https://www.facebook.com/sharer.php"",""https://twitter.com/share"",""https://pinterest.com/pin/create/button/"",""https://facebook.com/gigithestore1"",""https://pinterest.com/gigithestore"",""http://instagram.com/gigithestore"",""https://www.facebook.com/settings/""]",pages_examined=5,100,40,69,qualified,,
site:myshopify.com/products barrel jeans,7,https://love-sweat-and-tees.myshopify.com/products/emmie-barrel-leg-jeans-mid-wash,love-sweat-and-tees.myshopify.com,https://elevenloves.co.uk/products/emmie-barrel-leg-jeans-mid-wash,https://elevenloves.co.uk/products/emmie-barrel-leg-jeans-mid-wash,elevenloves.co.uk,Emmie Barrel Leg Jeans - Mid Wash,hello@elevenloves.co.uk,https://elevenloves.co.uk/pages/contact-us,6810121416186,https://elevenloves.co.uk/products/emmie-barrel-leg-jeans-mid-wash,https://elevenloves.co.uk/pages/contact-us,"[""https://www.facebook.com/elevenloves.co.uk/"",""http://instagram.com/elevenloves.co.uk"",""https://uk.pinterest.com/eleven_loves/""]",pages_examined=4,100,80,94,qualified,,
site:myshopify.com/products barrel jeans,8,https://m34kzg-ke.myshopify.com/products/womens-way-high-curve-jean-calico-ecru,m34kzg-ke.myshopify.com,https://www.everlane.com/products/womens-way-high-curve-jean-calico-ecru,https://www.everlane.com/products/womens-way-high-curve-jean-calico-ecru,everlane.com,Everlane,support@everlane.com,https://www.everlane.com/policies/privacy-policy,30103125,https://www.everlane.com/products/womens-way-high-curve-jean-calico-ecru,,"[""https://www.instagram.com/everlane/"",""https://www.tiktok.com/@everlane"",""https://www.youtube.com/everlane"",""https://www.pinterest.com/everlane/"",""https://twitter.com/en/privacy"",""https://www.facebook.com/privacy/policy"",""https://www.facebook.com/settings"",""https://www.tiktok.com/legal/privacy-policy-us""]",pages_examined=5,100,100,96,qualified,,
site:myshopify.com/products barrel jeans,9,https://threadbaremenswear.myshopify.com/products/threadbare-womens-mid-wash-barrel-leg-jeans-tblb11514,threadbaremenswear.myshopify.com,https://threadbare.com/products/threadbare-womens-mid-wash-barrel-leg-jeans-tblb11514,https://threadbare.com/products/threadbare-womens-mid-wash-barrel-leg-jeans-tblb11514,threadbare.com,Home,customerservice@threadbare.com,https://threadbare.com/pages/privacy-policy,810121416,https://threadbare.com/products/threadbare-womens-mid-wash-barrel-leg-jeans-tblb11514,https://threadbare.com/pages/contact-us,"[""https://www.instagram.com/threadbare.official/"",""https://www.facebook.com/threadbareofficial/"",""https://www.tiktok.com/@threadbare.official""]",pages_examined=5,100,80,94,qualified,,
site:myshopify.com/products barrel jeans,10,https://copper-cloth.myshopify.com/products/pinstriped-pattern-barrel-pants,copper-cloth.myshopify.com,https://copperandcloth.com/products/pinstriped-pattern-barrel-pants,https://copperandcloth.com/products/pinstriped-pattern-barrel-pants,copperandcloth.com,Sterling Stripe Jeans,copperandclothshop@gmail.com,https://copperandcloth.com/products/pinstriped-pattern-barrel-pants,8537378980019,https://copperandcloth.com/products/pinstriped-pattern-barrel-pants,https://copperandcloth.com/pages/contact-us,"[""https://www.facebook.com/CopperandCloth.shop/"",""https://www.instagram.com/copperandcloth.shop/"",""https://www.tiktok.com/@copperandcloth"",""https://facebook.com/sharer.php"",""https://twitter.com/intent/tweet"",""https://pinterest.com/pin/create/button/""]",pages_examined=5,100,100,100,qualified,,
site:myshopify.com/products oversized sweatshirt,1,https://csgo2asia-shop.myshopify.com/products/prx-olive-oversized-sweatshirt,csgo2asia-shop.myshopify.com,https://shop.pprx.team/products/prx-olive-oversized-sweatshirt,https://shop.pprx.team/products/prx-olive-oversized-sweatshirt,shop.pprx.team,Paper Rex Shop,,,,,https://shop.pprx.team/pages/contact-us,"[""https://www.facebook.com/pprxteam"",""https://www.instagram.com/pprxteam/"",""https://www.linkedin.com/company/paper-rex"",""https://www.tiktok.com/@pprxteam"",""https://x.com/pprxteam"",""https://www.youtube.com/@PaperRex""]",pages_examined=5,100,100,81,qualified,,
site:myshopify.com/products oversized sweatshirt,2,https://adanola.myshopify.com/products/varsity-oversized-full-zip-hoodie-sand,adanola.myshopify.com,https://adanola.com/en-int/collections/hoodies-sweaters,https://adanola.com/en-int/collections/hoodies-sweaters,adanola.com,Adanola,,,,,https://adanola.com/en-int/pages/contact,"[""https://www.instagram.com/adanola/"",""https://www.tiktok.com/@adanolaofficial"",""https://www.youtube.com/@adanolaofficial""]",pages_examined=5; duplicate_results=2,100,80,75,qualified,,
site:myshopify.com/products oversized sweatshirt,3,https://wear-peloton.myshopify.com/products/oversized-mockneck-sweatshirt,wear-peloton.myshopify.com,https://apparel.onepeloton.com/products/oversized-mockneck-sweatshirt,https://apparel.onepeloton.com/products/oversized-mockneck-sweatshirt,apparel.onepeloton.com,Oversized Mockneck Sweatshirt,,,,,https://apparel.onepeloton.com/collections/siblings-paceform-enhanced-support-racerback-bra,"[""https://www.facebook.com/PelotonApparel"",""https://www.instagram.com/pelotonapparel/"",""https://www.tiktok.com/@onepeloton"",""https://x.com/onepeloton""]",pages_examined=5; duplicate_results=1,100,80,75,qualified,,
site:myshopify.com/products oversized sweatshirt,4,https://saltrock-store.myshopify.com/products/midnight-sweat-top-dark-grey,saltrock-store.myshopify.com,https://www.saltrock.com/products/midnight-sweat-top-dark-grey,https://www.saltrock.com/products/midnight-sweat-top-dark-grey,saltrock.com,Saltrock,customerservice@saltrock.com,https://www.saltrock.com/pages/contact-us,11518832,https://www.saltrock.com/products/midnight-sweat-top-dark-grey,https://www.saltrock.com/pages/contact-us,"[""https://www.facebook.com/saltrocksoul/"",""https://www.instagram.com/saltrock"",""https://www.tiktok.com/@saltrock_clothing"",""https://www.youtube.com/@saltrock"",""https://www.facebook.com/sharer.php"",""https://twitter.com/share"",""https://pinterest.com/pin/create/button/""]",pages_examined=5,100,100,100,qualified,,
site:myshopify.com/products oversized sweatshirt,5,https://70decd-4.myshopify.com/products/trendy-checkered-oversized-baby-sweatshirt,70decd-4.myshopify.com,https://cottoncraft.shop/products/trendy-checkered-oversized-baby-sweatshirt,https://cottoncraft.shop/products/trendy-checkered-oversized-baby-sweatshirt,cottoncraft.shop,Trendy Checkered Oversized Baby Sweatshirt (0-6 Months),info@cottoncraft.shop,https://cottoncraft.shop/products/trendy-checkered-oversized-baby-sweatshirt,+13473937538,https://cottoncraft.shop/products/trendy-checkered-oversized-baby-sweatshirt,https://cottoncraft.shop/policies/contact-information,"[""https://www.facebook.com/profile.php"",""https://www.instagram.com/cottoncraft.shop/"",""https://www.pinterest.com/Cottoncraftbabygifts/""]",pages_examined=5,100,80,94,qualified,,
site:myshopify.com/products oversized sweatshirt,6,https://bronx-native-shop.myshopify.com/products/bad-bunny-bowl-snow-washed-oversized-sweatshirt,bronx-native-shop.myshopify.com,https://bronxnativeshop.com/products/bad-bunny-bowl-snow-washed-oversized-sweatshirt,https://bronxnativeshop.com/products/bad-bunny-bowl-snow-washed-oversized-sweatshirt,bronxnativeshop.com,Bronx Native Shop,info@bronxnativeshop.com,https://bronxnativeshop.com/products/bad-bunny-bowl-snow-washed-oversized-sweatshirt,6468832155,https://bronxnativeshop.com/products/bad-bunny-bowl-snow-washed-oversized-sweatshirt,https://bronxnativeshop.com/pages/contact-us,"[""https://www.instagram.com/thebronxnative/"",""https://www.facebook.com/thebronxnative/"",""https://www.youtube.com/channel/UC3RTnDSAPcPJiFqzymoh5wQ"",""https://x.com/thebxnative/status/1948188129753436560"",""https://www.tiktok.com/@thebronxnative""]",pages_examined=5,100,100,100,qualified,,
site:myshopify.com/products oversized sweatshirt,7,https://bareen-eu.myshopify.com/products/bojan-oversized-hoodie-men-pirate-black,bareen-eu.myshopify.com,https://checkout.bareen.com/products/bojan-oversized-hoodie-men-pirate-black,https://checkout.bareen.com/products/bojan-oversized-hoodie-men-pirate-black,checkout.bareen.com,"Bojan Oversized Hoodie, Men - Pirate Black",,,,,https://checkout.bareen.com/pages/contact-information,[],pages_examined=5,100,40,61,qualified,,
site:myshopify.com/products oversized sweatshirt,8,https://only-ind.myshopify.com/products/117061501-black-bean?vsFromReqId=019c708ac3054cec8675a1882b1693&vsFromPid=8955238645974&vsFromPos=3,only-ind.myshopify.com,https://www.only.in/products/117061501-black-bean?vsFromReqId=019c708ac3054cec8675a1882b1693&vsFromPid=8955238645974&vsFromPos=3,https://www.only.in/products/117061501-black-bean,only.in,ONLY,help@only.in,https://www.only.in/products/117061501-black-bean?vsFromReqId=019c708ac3054cec8675a1882b1693&vsFromPid=8955238645974&vsFromPos=3,18002660004,https://www.only.in/products/117061501-black-bean?vsFromReqId=019c708ac3054cec8675a1882b1693&vsFromPid=8955238645974&vsFromPos=3,https://www.only.in/pages/contact,"[""https://www.facebook.com/sharer.php"",""https://twitter.com/intent/tweet"",""https://pinterest.com/pin/create/button/"",""https://www.facebook.com/ONLYIndia"",""https://x.com/OnlyIndia"",""https://www.instagram.com/onlyindia/"",""https://www.youtube.com/@OnlyIndiaOfficial""]",pages_examined=5; duplicate_results=1,100,100,100,qualified,,
site:myshopify.com/products oversized sweatshirt,9,https://veromoda-india.myshopify.com/products/160003301-black?vsFromReqId=019e27e3ba80fd38b39ce8db10e4b2&vsFromPid=9965071827222&vsFromPos=6,veromoda-india.myshopify.com,https://www.veromoda.in/products/160003301-black?vsFromReqId=019e27e3ba80fd38b39ce8db10e4b2&vsFromPid=9965071827222&vsFromPos=6,https://www.veromoda.in/products/160003301-black,veromoda.in,VERO MODA,help@veromoda.in,https://www.veromoda.in/products/160003301-black?vsFromReqId=019e27e3ba80fd38b39ce8db10e4b2&vsFromPid=9965071827222&vsFromPos=6,18002660006,https://www.veromoda.in/products/160003301-black?vsFromReqId=019e27e3ba80fd38b39ce8db10e4b2&vsFromPid=9965071827222&vsFromPos=6,https://www.veromoda.in/pages/contact,"[""https://www.facebook.com/sharer.php"",""https://twitter.com/intent/tweet"",""https://pinterest.com/pin/create/button/"",""https://www.facebook.com/VeroModaIndia"",""https://twitter.com/veromodaindia"",""https://www.instagram.com/veromodaindia"",""https://www.youtube.com/user/VeroModaInd""]",pages_examined=5,100,100,100,qualified,,
site:myshopify.com/products running shorts,1,https://marley-lilly-prod.myshopify.com/products/monogrammed-kids-running-shorts,marley-lilly-prod.myshopify.com,https://marleylilly.com/products/monogrammed-kids-running-shorts,https://marleylilly.com/products/monogrammed-kids-running-shorts,marleylilly.com,Marleylilly,customerservice@marleylilly.com,https://marleylilly.com/pages/california-privacy-notice,27301724,https://marleylilly.com/products/monogrammed-kids-running-shorts,https://marleylilly.com/pages/contact,"[""https://www.instagram.com/marleylilly"",""https://www.facebook.com/marleylilly"",""https://www.tiktok.com/@marleylilly"",""https://x.com/marleylilly"",""https://in.pinterest.com/marleylilly/"",""https://www.youtube.com/c/marleylillymonogrammedgifts""]",pages_examined=5,100,100,100,qualified,,
site:myshopify.com/products running shorts,2,https://aimn-eu.myshopify.com/products/peach-running-shorts,aimn-eu.myshopify.com,https://www.aimn.eu/products/peach-running-shorts,https://www.aimn.eu/products/peach-running-shorts,aimn.eu,Peach Running Shorts,hello@aimn.com,https://www.aimn.eu/pages/privacy-policy,55765953085817,https://www.aimn.eu/products/peach-running-shorts,https://www.aimn.eu/en-es/pages/contact,"[""https://www.instagram.com/aimnsportswear/"",""https://www.youtube.com/@aimn_sportswear"",""https://www.tiktok.com/@aimnsportswear"",""https://www.facebook.com/privacy/policy/"",""https://policy.pinterest.com/en/privacy-policy"",""https://sv-se.facebook.com/privacy/policy/"",""https://help.instagram.com/478880589321969/"",""https://www.facebook.com/adpreferences/"",""https://help.pinterest.com/en/article/your-privacy-and-data-settings""]",pages_examined=5,100,100,100,qualified,,
site:myshopify.com/products running shorts,3,https://rbxactive.myshopify.com/products/flutter-running-short,rbxactive.myshopify.com,https://www.rbxactive.com/products/flutter-running-short,,rbxactive.com,,,,,,,[],"{""passwordProtected"":false,""textLength"":0,""queryTerms"":[""running"",""shorts""]}",35,80,53,rejected,inactive_store,
site:myshopify.com/products running shorts,4,https://saysky-us.myshopify.com/products/combat-rib-short-tights-4-purple-715-sw55002,saysky-us.myshopify.com,https://saysky-us.myshopify.com/collections/womens-running-short-tights,https://saysky.us/collections/womens-running-short-tights,saysky.us,Saysky.us,support@saysky.dk,https://saysky-us.myshopify.com/pages/privacy,8699214561470,https://saysky-us.myshopify.com/collections/womens-running-short-tights,https://saysky-us.myshopify.com/pages/saysky-customer-service,"[""https://www.instagram.com/explore/tags/saysky/"",""https://www.instagram.com/sayskycph/"",""https://www.youtube.com/c/SAYSKYCPH"",""https://www.instagram.com/jens_mergenthaler/"",""https://www.instagram.com/maxaachen/"",""https://www.instagram.com/runningfox26.2/"",""https://www.instagram.com/ian_is_running_1/"",""https://www.instagram.com/priscillavo/"",""https://www.instagram.com/marissa_damink/"",""https://www.instagram.com/lysannewilkens/"",""https://www.instagram.com/ignasbras/"",""https://www.instagram.com/running_with_jasper/"",""https://www.instagram.com/kateestlea/"",""https://www.instagram.com/callumdavidson22/"",""https://www.instagram.com/jamesheneghan/"",""https://www.instagram.com/chloe_hamard/"",""https://www.instagram.com/bubbleverv/"",""https://www.instagram.com/rounzer/"",""https://www.instagram.com/parcequejecours/"",""https://www.instagram.com/runwithlaurine/"",""https://www.instagram.com/flex_lrt/"",""https://www.instagram.com/bjarke.rasmussen.58/"",""https://www.instagram.com/johannalrsson/"",""https://www.instagram.com/runvictorun/"",""https://www.instagram.com/nicole__quilliam/"",""https://www.instagram.com/alexander.burks/"",""https://www.instagram.com/xcmora18/"",""https://www.instagram.com/charathoner/""]",pages_examined=5,100,80,94,qualified,,
site:myshopify.com/products running shorts,5,https://thrudark-uk.myshopify.com/products/force-trail-running-tight-shorts-obsidian-black,thrudark-uk.myshopify.com,https://www.thrudark.com/products/force-trail-running-tight-shorts-obsidian-black,https://www.thrudark.com/products/force-trail-running-tight-shorts-obsidian-black,thrudark.com,ThruDark,,,12345678910,https://www.thrudark.com/products/force-trail-running-tight-shorts-obsidian-black,https://www.thrudark.com/collections/mens-contact-sport-clothing,"[""https://www.instagram.com/thrudark/"",""https://www.facebook.com/thrudarkofficial/"",""https://twitter.com/thrudark/"",""https://www.youtube.com/channel/UC5UA4kCIVOd1CGjAb0AWlcQ"",""https://www.linkedin.com/company/thrudark"",""https://www.tiktok.com/@thrudarkofficial""]",pages_examined=5,100,100,88,qualified,,
site:myshopify.com/products running shorts,8,https://flyte-active.myshopify.com/products/mens-sprite-shorts-navy,flyte-active.myshopify.com,https://flyteactive.com/products/mens-sprite-shorts-navy,https://flyteactive.com/products/mens-sprite-shorts-navy,flyteactive.com,Mens Sprite Shorts (Navy),support@flyteactive.com,https://flyteactive.com/pages/contact,,,https://flyteactive.com/pages/contact,"[""https://www.instagram.com/flyteactive""]",pages_examined=5,100,100,93,qualified,,
site:myshopify.com/products running shorts,9,https://neverfuckingquit.myshopify.com/products/runn3r-reatree-apx-running-shorts,neverfuckingquit.myshopify.com,https://neverfuckingquit.myshopify.com/products/runn3r-reatree-apx-running-shorts,https://neverfuckingquit.com/products/runn3r-reatree-apx-running-shorts,neverfuckingquit.com,RUNN3R - Realtree APX®,suppor@neverfxckingquit.com,https://neverfuckingquit.myshopify.com/policies/privacy-policy,56071556923558,https://neverfuckingquit.myshopify.com/products/runn3r-reatree-apx-running-shorts,https://neverfuckingquit.myshopify.com/collections/contact-series,"[""https://www.facebook.com/sharer.php"",""https://twitter.com/share"",""https://pinterest.com/pin/create/button/"",""https://instagram.com/nfqofficial""]",pages_examined=5,100,100,100,qualified,,
site:myshopify.com/products outdoor overshirt,1,https://fearrington.myshopify.com/products/amundsen-sports-harvester-overshirt-in-true-navy,fearrington.myshopify.com,https://fearrington.com/products/amundsen-sports-harvester-overshirt-in-true-navy,https://fearrington.com/products/amundsen-sports-harvester-overshirt-in-true-navy,fearrington.com,Fearrington Village,pr@fearrington.com,https://fearrington.com/policies/privacy-policy,9195422121,https://fearrington.com/pages/about-us,,"[""https://www.facebook.com/Fearrington/"",""https://www.instagram.com/fearrington_house"",""https://www.pinterest.com/fearrington/"",""https://www.instagram.com/fearrington_house/"",""https://www.instagram.com/fearringtonvillage_shops/""]",pages_examined=5,100,40,78,qualified,,
site:myshopify.com/products outdoor overshirt,2,https://yardsstore.myshopify.com/products/hikerdelic-eric-mug-white,yardsstore.myshopify.com,https://www.yardsstore.com/collections/hikerdelic,https://www.yardsstore.com/collections/hikerdelic,yardsstore.com,Home,manchester@yardsstore.com,https://www.yardsstore.com/collections/hikerdelic,+4401618351211,https://www.yardsstore.com/collections/hikerdelic,https://www.yardsstore.com/pages/contact-us,"[""https://www.instagram.com/yards_store/"",""https://www.facebook.com/Yardsstore/"",""https://twitter.com/yardsstore"",""https://uk.pinterest.com/yardsstore/""]",pages_examined=5,100,80,94,qualified,,
site:myshopify.com/products outdoor overshirt,3,https://607a51.myshopify.com/products/cover-up-pull-over-shirt-with-pockets-fuchsia?variant=52927179194682,607a51.myshopify.com,https://607a51.myshopify.com/products/cover-up-pull-over-shirt-with-pockets-fuchsia?variant=52927179194682,https://www.coolibar.com/products/cover-up-pull-over-shirt-with-pockets-fuchsia,coolibar.com,,,,,,,[],"{""passwordProtected"":false,""textLength"":14002,""queryTerms"":[""outdoor"",""overshirt""]}",100,0,45,rejected,wrong_category,
site:myshopify.com/products outdoor overshirt,5,https://355634-12.myshopify.com/products/everyday-fanny-pack,355634-12.myshopify.com,https://vertx.com/products/everyday-fanny-pack,https://vertx.com/products/everyday-fanny-pack,vertx.com,,,,,,,[],"{""passwordProtected"":false,""textLength"":9305,""queryTerms"":[""outdoor"",""overshirt""]}",100,0,45,rejected,wrong_category,
site:myshopify.com/products outdoor overshirt,6,https://passenger-clothing-com.myshopify.com/products/hornbeam-hoodie?utm_campaign=276.+15%25+OFF+%282%29+%28KpnwHw%29&utm_medium=email&_ke=eyJrbF9lbWFpbCI6ICJnZW9yZ2VzbWVsbHlAZ21haWwuY29tIiwgImtsX2NvbXBhbnlfaWQiOiAiTXZidUtkIn0%3D&utm_source=Hasn%27t+opened+email+%285days%29+or+Purchased+%287+days%29,passenger-clothing-com.myshopify.com,https://www.passenger-clothing.com/collections/mens?_ke=eyJrbF9lbWFpbCI6ICJnZW9yZ2VzbWVsbHlAZ21haWwuY29tIiwgImtsX2NvbXBhbnlfaWQiOiAiTXZidUtkIn0%3D&utm_campaign=276.%2015%25%20OFF%20%282%29%20%28KpnwHw%29&utm_medium=email&utm_source=Hasn%27t%20opened%20email%20%285days%29%20or%20Purchased%20%287%20days%29,https://www.passenger-clothing.com/collections/mens,passenger-clothing.com,Primary Navigation,dpo@aphaia.co.uk,https://www.passenger-clothing.com/pages/privacy-policy,,,,"[""https://www.instagram.com/passengerclothing/"",""https://www.youtube.com/channel/UC1VCHQ9RnMAdtiSL3LlIc7A"",""https://www.tiktok.com/@passengerclothing"",""https://www.facebook.com/passengerclothing/""]",pages_examined=5,100,40,71,qualified,,
site:myshopify.com/products outdoor overshirt,7,https://wildbounds.myshopify.com/products/slapstick-trucker-bonnie-blue,wildbounds.myshopify.com,https://wildbounds.myshopify.com/products/slapstick-trucker-bonnie-blue,https://wildbounds.com/products/slapstick-trucker-bonnie-blue,wildbounds.com,WildBounds,support@wildbounds.com,https://wildbounds.myshopify.com/products/slapstick-trucker-bonnie-blue,+4408002118243,https://wildbounds.myshopify.com/products/slapstick-trucker-bonnie-blue,https://wildbounds.myshopify.com/pages/contact-us,"[""https://www.instagram.com/wildbounds/"",""https://www.facebook.com/WildBounds"",""https://twitter.com/WildBounds"",""https://www.youtube.com/c/WildBounds"",""https://twitter.com/mattymountains"",""https://twitter.com/indy_jols""]",pages_examined=5,100,80,94,qualified,,
site:myshopify.com/products outdoor overshirt,8,https://pittman-wc.myshopify.com/products/military-overshirt-army-green,pittman-wc.myshopify.com,https://pittman-wc.myshopify.com/products/military-overshirt-army-green,https://pittman-wc.myshopify.com/products/military-overshirt-army-green,pittman-wc.myshopify.com,pittman-wc,info@weatheredcoalition.com,https://pittman-wc.myshopify.com/products/military-overshirt-army-green,,,,"[""http://twitter.com/home"",""http://www.facebook.com/sharer.php"",""http://pinterest.com/pin/create/button/"",""https://instagram.com/weatheredcoalition"",""https://twitter.com/WeatheredCo"",""https://www.facebook.com/WeatheredCoalition/likes"",""https://www.pinterest.com/weatheredco/""]",pages_examined=3,100,40,65,qualified,,
site:myshopify.com/products outdoor overshirt,10,https://maharishi1.myshopify.com/products/8194-maha-irak-sweat-kimono-organic-cotton-sweat-olive-og-107f,maharishi1.myshopify.com,https://www.maharishistore.com/collections/outerwear,https://www.maharishistore.com/collections/outerwear,maharishistore.com,Maharishi,ecom@maharishistore.com,https://www.maharishistore.com/pages/contact,+4402070624197,https://www.maharishistore.com/pages/contact,https://www.maharishistore.com/pages/contact,"[""https://instagram.com/maharishi"",""https://facebook.com/maharishistore""]",pages_examined=5,100,40,82,qualified,,
site:myshopify.com/products boho maxi skirt,1,https://12th-tribe.myshopify.com/products/cammie-black-rhinestone-fringe-mini-skirt?utm_source=shopthelook,12th-tribe.myshopify.com,https://www.12thtribe.com/collections/skirts?utm_source=shopthelook,https://www.12thtribe.com/collections/skirts,12thtribe.com,12th Tribe,support@12thtribe.com,https://www.12thtribe.com/pages/privacy-policy,9000049,https://www.12thtribe.com/collections/skirts?utm_source=shopthelook,https://www.12thtribe.com/pages/contact-us-1,"[""https://www.tiktok.com/@shop12thtribe"",""https://www.pinterest.com/12thTribe/"",""https://www.instagram.com/shop12thtribe/"",""https://www.linkedin.com/company/12th-tribe/"",""https://www.facebook.com/12thtribeshop"",""https://www.youtube.com/@shop12thtribe"",""https://www.facebook.com/settings/""]",pages_examined=5; duplicate_results=1,100,80,94,qualified,,
site:myshopify.com/products boho maxi skirt,2,https://midnight-hour-clothing.myshopify.com/products/coven-peasant-dress?variant=46601947054257&_rdiscovery-handle=coven-peasant-dress&_rdiscovery-widget=276213,midnight-hour-clothing.myshopify.com,https://midnight-hour-clothing.myshopify.com/products/coven-peasant-dress?variant=46601947054257&_rdiscovery-handle=coven-peasant-dress&_rdiscovery-widget=276213,https://www.midnighthour.com/products/coven-peasant-dress,midnighthour.com,Midnight Hour,support@midnighthour.com,https://midnight-hour-clothing.myshopify.com/pages/contact,010001000,https://midnight-hour-clothing.myshopify.com/products/coven-peasant-dress?variant=46601947054257&_rdiscovery-handle=coven-peasant-dress&_rdiscovery-widget=276213,https://midnight-hour-clothing.myshopify.com/pages/contact,"[""https://www.facebook.com/midnighthourclothing"",""https://www.instagram.com/midnighthour/""]",pages_examined=5,100,80,94,qualified,,
site:myshopify.com/products boho maxi skirt,3,https://farm-rio.myshopify.com/products/boho-enchance-mocha-ties-blouse,farm-rio.myshopify.com,https://farmrio.com/products/boho-enchance-mocha-ties-blouse,https://farmrio.com/products/boho-enchance-mocha-ties-blouse,farmrio.com,FARM Rio,hello@farmrio.com,https://farmrio.com/policies/privacy-policy,8039940391005,https://farmrio.com/products/boho-enchance-mocha-ties-blouse,https://farmrio.com/pages/contact-us,"[""https://www.facebook.com/farmrioglobal/"",""https://www.instagram.com/farmrio/"",""https://br.pinterest.com/farmrioglobal/"",""https://www.facebook.com/sharer.php"",""https://twitter.com/share"",""https://pinterest.com/pin/create/button/""]",pages_examined=5,100,80,94,qualified,,
site:myshopify.com/products boho maxi skirt,4,https://petal-and-pup-usa.myshopify.com/products/ayers-long-sleeve-set-black,petal-and-pup-usa.myshopify.com,https://petalandpup.com/collections/sets,https://petalandpup.com/collections/sets,petalandpup.com,Home,contactus@petalandpup.com,https://petalandpup.com/pages/our-privacy-policy,3145105585,https://petalandpup.com/collections/sets,https://petalandpup.com/pages/contact-us,"[""https://ct.pinterest.com/"",""https://www.facebook.com/petalandpup"",""https://www.instagram.com/petalandpup/"",""https://au.pinterest.com/petalandpup/"",""https://www.tiktok.com/@petalandpup""]",pages_examined=5,100,53,86,qualified,,
site:myshopify.com/products boho maxi skirt,5,https://tinroofvintage.myshopify.com/products/70s-bohemian-gauze-maxi-skirt,tinroofvintage.myshopify.com,https://tinroofvintage.myshopify.com/products/70s-bohemian-gauze-maxi-skirt,https://tinroofvintage.myshopify.com/products/70s-bohemian-gauze-maxi-skirt,tinroofvintage.myshopify.com,Tin Roof Vintage,sales@tinroofvintage.com,https://tinroofvintage.myshopify.com/pages/privacy-policy,3850070,https://tinroofvintage.myshopify.com/products/70s-bohemian-gauze-maxi-skirt,https://tinroofvintage.myshopify.com/pages/contact,"[""http://twitter.com/home"",""http://www.facebook.com/sharer.php"",""http://pinterest.com/pin/create/button/"",""http://www.facebook.com/tinroofvintage"",""https://www.instagram.com/tinroofvintage/""]",pages_examined=4,100,53,80,qualified,,
site:myshopify.com/products boho maxi skirt,7,https://dry-land-decor.myshopify.com/products/citrus-beaded-bag-ivory-multi,dry-land-decor.myshopify.com,https://dry-land-decor.myshopify.com/products/citrus-beaded-bag-ivory-multi,https://dry-land-decor.myshopify.com/products/citrus-beaded-bag-ivory-multi,dry-land-decor.myshopify.com,Dry Land Decor,drylanddecor@yahoo.com,https://dry-land-decor.myshopify.com/products/citrus-beaded-bag-ivory-multi,,,https://dry-land-decor.myshopify.com/pages/contact-us,"[""https://twitter.com/intent/tweet"",""https://www.facebook.com/sharer/sharer.php"",""https://pinterest.com/pin/create/button/"",""https://www.facebook.com/drylanddecor/"",""https://www.pinterest.com/drylanddecor/"",""https://www.instagram.com/drylanddecor/""]",pages_examined=3,100,80,81,qualified,,
site:myshopify.com/products boho maxi skirt,8,https://mylukk.myshopify.com/products/women-s-boho-inspired-printed-wrap-dress-cinched-waist-flowing-long-skirt,mylukk.myshopify.com,https://lukkavenue.com/products/women-s-boho-inspired-printed-wrap-dress-cinched-waist-flowing-long-skirt,https://lukkavenue.com/products/women-s-boho-inspired-printed-wrap-dress-cinched-waist-flowing-long-skirt,lukkavenue.com,Lukk,shoplukk@gmail.com,https://lukkavenue.com/policies/contact-information,,,https://lukkavenue.com/policies/contact-information,"[""https://www.instagram.com/invites/contact/"",""https://www.facebook.com/sharer.php"",""https://twitter.com/share"",""https://pinterest.com/pin/create/button/""]",pages_examined=5,100,53,79,qualified,,
site:myshopify.com/products boho maxi skirt,9,https://black-bough-swim.myshopify.com/products/elya-top-stargazer,black-bough-swim.myshopify.com,https://blackboughswim.com/products/elya-top-stargazer/,,blackboughswim.com,,,,,,https://blackboughswim.com/contact-us/,"[""https://www.instagram.com/blackboughswim/"",""https://www.facebook.com/blackboughswim/"",""https://www.tiktok.com/@blackboughswimofficial"",""https://pinterest.com/blackbough_swim/""]",pages_examined=5,100,80,75,qualified,,
site:myshopify.com/products babydoll top,1,https://mymum-made.myshopify.com/products/cap-sleeve-babydoll-blouse-white,mymum-made.myshopify.com,https://mymum-made.myshopify.com/products/cap-sleeve-babydoll-blouse-white,https://mymum-madeit.com/products/cap-sleeve-babydoll-blouse-white,mymum-madeit.com,MY MUM MADE IT,cs@mymum-madeit.com,https://mymum-made.myshopify.com/products/cap-sleeve-babydoll-blouse-white,1490715,https://mymum-made.myshopify.com/products/cap-sleeve-babydoll-blouse-white,https://mymum-made.myshopify.com/pages/contact,"[""https://www.instagram.com/mymum_madeit/"",""https://www.tiktok.com/@mymum_madeit"",""https://www.facebook.com/settings/""]",pages_examined=5,100,80,94,qualified,,
site:myshopify.com/products babydoll top,2,https://disturbia-uk.myshopify.com/products/genevra-embroidered-babydoll-cotton-top,disturbia-uk.myshopify.com,https://disturbia-uk.myshopify.com/products/genevra-embroidered-babydoll-cotton-top,https://www.disturbia.co.uk/products/genevra-embroidered-babydoll-cotton-top,disturbia.co.uk,Genevra Embroidered Cotton Babydoll Top,help@disturbia.co.uk,https://disturbia-uk.myshopify.com/policies/privacy-policy,46666665,https://disturbia-uk.myshopify.com/products/genevra-embroidered-babydoll-cotton-top,https://disturbia-uk.myshopify.com/pages/contact-us,"[""https://www.facebook.com/sharer.php"",""https://twitter.com/share"",""https://pinterest.com/pin/create/button/"",""https://www.facebook.com/DisturbiaClothing"",""https://twitter.com/intent/follow"",""https://instagram.com/disturbia"",""https://www.pinterest.com/Disturbia"",""https://www.tiktok.com/@disturbiaclothing"",""https://www.facebook.com/privacy/policy/"",""https://www.tiktok.com/legal/page/eea/privacy-policy/en"",""https://policy.pinterest.com/privacy-policy""]",pages_examined=5,100,100,100,qualified,,
site:myshopify.com/products babydoll top,3,https://caramiya.myshopify.com/products/josephinedress,caramiya.myshopify.com,https://caramiya.myshopify.com/products/josephinedress,https://caramiya.myshopify.com/products/josephinedress,caramiya.myshopify.com,Caramiya,caramiya19@me.com,https://caramiya.myshopify.com/products/josephinedress,,,https://caramiya.myshopify.com/pages/contact-us,"[""https://www.facebook.com/sharer.php"",""https://twitter.com/share"",""https://pinterest.com/pin/create/button/"",""https://www.facebook.com/caramiyamaui"",""https://www.instagram.com/caramiyamaui/""]",pages_examined=3,100,100,87,qualified,,
site:myshopify.com/products babydoll top,4,https://pinklilyboutique.myshopify.com/products/picking-petals-watercolor-multi-floral-ruched-long-sleeve-blouse,pinklilyboutique.myshopify.com,https://pinklily.com/collections/shirts-blouses,https://pinklily.com/collections/shirts-blouses,pinklily.com,Pink Lily,privacy@pinklily.com,https://pinklily.com/policies/privacy-policy,2704953636,https://pinklily.com/collections/shirts-blouses,https://pinklily.com/pages/contact-us,"[""https://www.facebook.com/thepinklilyboutique/"",""https://www.instagram.com/pinklily/"",""https://www.tiktok.com/@shoppinklily""]",pages_examined=5,100,100,100,qualified,,
site:myshopify.com/products babydoll top,5,https://dorotheas-closet-vintage.myshopify.com/products/buff-circa-1950s,dorotheas-closet-vintage.myshopify.com,https://dorotheas-closet-vintage.myshopify.com/products/buff-circa-1950s,https://dorotheas-closet-vintage.myshopify.com/products/buff-circa-1950s,dorotheas-closet-vintage.myshopify.com,Dorothea&#39;s Closet Vintage,admin@dorotheasclosetvintage.com,https://dorotheas-closet-vintage.myshopify.com/pages/about-us,5159913516,https://dorotheas-closet-vintage.myshopify.com/pages/about-us,https://dorotheas-closet-vintage.myshopify.com/blogs/news/47180229-help-save-dorotheas-closets-brick-and-mortar-boutique,"[""https://facebook.com/dorotheasclosetvintage"",""https://instagram.com/dorotheasclosetvintage""]",pages_examined=3; duplicate_results=1,100,80,88,qualified,,
site:myshopify.com/products babydoll top,6,https://hollyhoque.myshopify.com/products/modern-babydoll-blouse-brown,hollyhoque.myshopify.com,https://hollyhoque.myshopify.com/products/modern-babydoll-blouse-brown,https://www.hollyhoque.com/products/modern-babydoll-blouse-brown,hollyhoque.com,Hollyhoque,hollyhoque@gmail.com,https://hollyhoque.myshopify.com/pages/customer-service,,,https://hollyhoque.myshopify.com/pages/customer-service,"[""https://www.facebook.com/hollyhoquesg"",""https://www.instagram.com/hollyhoque"",""https://www.tiktok.com/@hollyhoque""]",pages_examined=3,100,100,93,qualified,,
site:myshopify.com/products babydoll top,9,https://the-saved-collection.myshopify.com/products/free-people-by-we-the-free-denim-button-up-top-size-xs,the-saved-collection.myshopify.com,https://the-saved-collection.myshopify.com/products/free-people-by-we-the-free-denim-button-up-top-size-xs,https://the-saved-collection.myshopify.com/products/free-people-by-we-the-free-denim-button-up-top-size-xs,the-saved-collection.myshopify.com,The Saved Collection,thesavedcollection@gmail.com,https://the-saved-collection.myshopify.com/products/free-people-by-we-the-free-denim-button-up-top-size-xs,,,,"[""https://www.facebook.com/sharer.php"",""https://twitter.com/share"",""https://pinterest.com/pin/create/button/"",""https://www.facebook.com/thesavedcollection/"",""https://instagram.com/thesavedcollection""]",pages_examined=5,100,100,83,qualified,,
site:myshopify.com/products babydoll top,10,https://ngome-lifestyle.myshopify.com/products/dammita-baby-doll-top?variant=46711365796027,ngome-lifestyle.myshopify.com,https://ngome-lifestyle.myshopify.com/products/dammita-baby-doll-top?variant=46711365796027,https://ngome-lifestyle.myshopify.com/products/dammita-baby-doll-top,ngome-lifestyle.myshopify.com,Ngome Lifestyle,info@ngomelifestyle.com,https://ngome-lifestyle.myshopify.com/policies/privacy-policy,02032023,https://ngome-lifestyle.myshopify.com/policies/privacy-policy,https://ngome-lifestyle.myshopify.com/policies/contact-information,"[""https://www.facebook.com/share/18hAqBUf6y/"",""https://www.instagram.com/shopngomelifestyle"",""https://youtube.com/@ngomelifestyletv1111"",""https://www.tiktok.com/@shopify"",""https://www.facebook.com/settings/""]",pages_examined=5,100,40,76,qualified,,
site:myshopify.com/products wrap skirt,1,https://johanna-ortiz.myshopify.com/products/velereando-ando-wrap-skirt,johanna-ortiz.myshopify.com,https://johanna-ortiz.myshopify.com/,https://www.johannaortiz.com/,johannaortiz.com,Johanna Ortiz,pr@johannaortiz.com,https://johanna-ortiz.myshopify.com/,110753043,https://johanna-ortiz.myshopify.com/pages/privacy-and-cookies,,"[""https://co.pinterest.com/johannaortizofficial/_created/"",""https://www.instagram.com/johannaortizofficial/"",""https://www.youtube.com/channel/UCJbrXDapUZNAwEUE8B94N_A"",""http://www.tiktok.com/@johannaortizofficial"",""https://www.facebook.com/privacy/policy/""]",pages_examined=4,100,100,96,qualified,,
site:myshopify.com/products wrap skirt,3,https://darn-good-yarn-2.myshopify.com/products/mesh-washing-bags-for-recycled-sari-garments,darn-good-yarn-2.myshopify.com,https://www.darngoodyarn.com/,https://www.darngoodyarn.com/,darngoodyarn.com,Darn Good Yarn,,,5188311703,https://www.darngoodyarn.com/,,"[""https://www.facebook.com/groups/ilovedarngoodyarngroup"",""https://www.facebook.com/groups/2748677481873604"",""https://www.instagram.com/darngoodyarn/"",""https://www.facebook.com/DGYarn/"",""https://www.youtube.com/channel/UCoXkzyY3-44fR1HrjATG02w"",""https://www.pinterest.com/darngoodyarn/"",""https://www.tiktok.com/@darngoodyarn"",""https://www.facebook.com/sharer.php"",""https://twitter.com/share"",""https://pinterest.com/pin/create/button/"",""https://www.facebook.com/groups/sariskirtgroup""]",pages_examined=5,100,100,84,qualified,,
site:myshopify.com/products wrap skirt,4,https://never-fully-dressed.myshopify.com/products/morocco-mini-wrap-skirt?variant=55789428277634,never-fully-dressed.myshopify.com,https://www.neverfullydressed.com/en-in/products/morocco-mini-wrap-skirt?variant=55789428277634,https://www.neverfullydressed.com/en-in/products/morocco-mini-wrap-skirt,neverfullydressed.com,Never Fully Dressed,love@neverfullydressed.com,https://www.neverfullydressed.com/en-in/products/morocco-mini-wrap-skirt?variant=55789428277634,303234363840,https://www.neverfullydressed.com/en-in/products/morocco-mini-wrap-skirt?variant=55789428277634,https://www.neverfullydressed.com/en-in/pages/contact-us,"[""https://www.facebook.com/neverfullydressed"",""https://www.instagram.com/neverfullydressed/"",""https://www.linkedin.com/company/never-fully-dressed/"",""https://uk.pinterest.com/nfd/"",""https://www.tiktok.com/@neverfullydressed"",""https://www.youtube.com/channel/UCe07eWF8MHkybeDBS6JKiow/videos""]",pages_examined=5; duplicate_results=2,100,100,100,qualified,,
site:myshopify.com/products wrap skirt,5,https://northernonline.myshopify.com/products/garden-girl-wrap-skirt,northernonline.myshopify.com,https://northernonline.myshopify.com/products/garden-girl-wrap-skirt,https://northernonline.myshopify.com/products/garden-girl-wrap-skirt,northernonline.myshopify.com,Northernonline,sales@northernbrands.com,https://northernonline.myshopify.com/pages/contact-us,610385939696,https://northernonline.myshopify.com/pages/contact-us,https://northernonline.myshopify.com/pages/contact-us,"[""https://www.facebook.com/sharer.php"",""https://twitter.com/share"",""https://pinterest.com/pin/create/button/"",""https://www.facebook.com/settings/""]",pages_examined=3,100,100,94,qualified,,
site:myshopify.com/products wrap skirt,6,https://carmen-amsterdam.myshopify.com/products/walker-wrap-skirt-black,carmen-amsterdam.myshopify.com,https://carmen-amsterdam.myshopify.com/products/walker-wrap-skirt-black,https://www.carmenamsterdam.com/products/walker-wrap-skirt-black,carmenamsterdam.com,"Walker Wrap Skirt, Black",shop@carmenamsterdam.com,https://carmen-amsterdam.myshopify.com/products/walker-wrap-skirt-black,6001017,https://carmen-amsterdam.myshopify.com/products/walker-wrap-skirt-black,https://carmen-amsterdam.myshopify.com/pages/contact,"[""https://www.instagram.com/carmen.amsterdam/"",""https://www.instagram.com/monicamendi/p/Chw5C_iOmQ3/"",""https://www.instagram.com/p/DEZP9uGI4-N/"",""https://www.tiktok.com/@carmenamsterdam"",""https://nl.linkedin.com/company/carmen-amsterdam""]",pages_examined=5,100,100,100,qualified,,
site:myshopify.com/products wrap skirt,8,https://mimanera-com.myshopify.com/products/pleated-mini-wrap-skirt-dark-gray,mimanera-com.myshopify.com,https://mimanera-com.myshopify.com/products/pleated-mini-wrap-skirt-dark-gray,https://mimanera-com.myshopify.com/products/pleated-mini-wrap-skirt-dark-gray,mimanera-com.myshopify.com,MiManera.com,order.mimanera@gmail.com,https://mimanera-com.myshopify.com/products/pleated-mini-wrap-skirt-dark-gray,3436384042,https://mimanera-com.myshopify.com/products/pleated-mini-wrap-skirt-dark-gray,https://mimanera-com.myshopify.com/pages/contact-us,"[""https://www.facebook.com/Mimanera.brand"",""https://www.instagram.com/mimanera.shop/"",""https://www.facebook.com/messages/t/104702664217612""]",pages_examined=5,100,100,94,qualified,,
site:myshopify.com/products wrap skirt,10,https://chloe-dao-2.myshopify.com/products/indigo-blue-indo-wrap-skirt-dress,chloe-dao-2.myshopify.com,https://chloe-dao-2.myshopify.com/products/indigo-blue-indo-wrap-skirt-dress,https://chloe-dao-2.myshopify.com/products/indigo-blue-indo-wrap-skirt-dress,chloe-dao-2.myshopify.com,Indigo Blue Indo Wrap Skirt,shop@chloedao.com,https://chloe-dao-2.myshopify.com/pages/terms-of-use-privacy-policy,+18449263556,https://chloe-dao-2.myshopify.com/pages/terms-of-use-privacy-policy,https://chloe-dao-2.myshopify.com/pages/contact-us,"[""https://www.facebook.com/sharer.php"",""https://twitter.com/share"",""https://pinterest.com/pin/create/button/"",""https://www.facebook.com/daochloedao/"",""https://www.instagram.com/daochloedao"",""https://www.pinterest.com/chloedao/"",""https://www.youtube.com/@daochloedao"",""https://www.tiktok.com/@chloedao8""]",pages_examined=5,100,100,94,qualified,,
site:myshopify.com/products palazzo pants,1,https://divnitycollections.myshopify.com/products/black-and-gold-exotic-palazzo-pants,divnitycollections.myshopify.com,https://divnitycollections.myshopify.com/products/black-and-gold-exotic-palazzo-pants,https://divnitycollections.myshopify.com/products/black-and-gold-exotic-palazzo-pants,divnitycollections.myshopify.com,Baroque Palazzo Pants,info@divinitycollection.com.au,https://divnitycollections.myshopify.com/products/black-and-gold-exotic-palazzo-pants,881012141618,https://divnitycollections.myshopify.com/products/black-and-gold-exotic-palazzo-pants,https://divnitycollections.myshopify.com/pages/contact-us,"[""https://www.facebook.com/divinity.collection"",""https://instagram.com/divinity_collection"",""https://www.youtube.com/channel/UCqycYVMDZgM94ViM_DsbUcQ""]",pages_examined=5,100,100,94,qualified,,
site:myshopify.com/products palazzo pants,4,https://houseoffabrosanz.myshopify.com/products/fabrosanz-frs-buckle-brown-palazzo-pants,houseoffabrosanz.myshopify.com,https://houseoffabrosanz.myshopify.com/products/fabrosanz-frs-buckle-brown-palazzo-pants,https://houseoffabrosanz.myshopify.com/products/fabrosanz-frs-buckle-brown-palazzo-pants,houseoffabrosanz.myshopify.com,houseoffabrosanz,info@fabrosanz.co.za,https://houseoffabrosanz.myshopify.com/pages/contact-us,3461530,https://houseoffabrosanz.myshopify.com/products/fabrosanz-frs-buckle-brown-palazzo-pants,https://houseoffabrosanz.myshopify.com/pages/contact-us,"[""https://facebook.com/fabrosanz"",""https://instagram.com/fabrosanz"",""https://twitter.com/fabrosanz"",""https://pinterest.com/HOUSEOFFABROSANZ"",""https://m.www.youtube.com/FABROSANZ"",""https://www.facebook.com/sharer.php"",""https://twitter.com/home"",""https://pinterest.com/pin/create/button/""]",pages_examined=3; duplicate_results=1,100,100,94,qualified,,
site:myshopify.com/products palazzo pants,5,https://covetandlou.myshopify.com/products/nitto-cama-palazzo-pants-blue-medium-lines,covetandlou.myshopify.com,https://covetandlou.myshopify.com/,https://covetandlou.com/,covetandlou.com,Covet + Lou,hello@covetandlou.com,https://covetandlou.myshopify.com/pages/contact,6175886812,https://covetandlou.myshopify.com/pages/contact,https://covetandlou.myshopify.com/pages/contact,"[""https://www.instagram.com/covetandlou""]",pages_examined=5,100,100,100,qualified,,
site:myshopify.com/products palazzo pants,7,https://nomad-the-label.myshopify.com/products/marrakech-linen-pants-blue?utm_source=shopthelook&utm_medium=organic,nomad-the-label.myshopify.com,https://www.nomadthelabel.com.au/collections/womens-wide-leg-pants?utm_medium=organic&utm_source=shopthelook,https://www.nomadthelabel.com.au/collections/womens-wide-leg-pants,nomadthelabel.com.au,Nomad the Label,customercare@nomadthelabel.com.au,https://www.nomadthelabel.com.au/collections/womens-wide-leg-pants?utm_medium=organic&utm_source=shopthelook,61438858313,https://www.nomadthelabel.com.au/collections/womens-wide-leg-pants?utm_medium=organic&utm_source=shopthelook,https://www.nomadthelabel.com.au/pages/contact-us,"[""https://m.facebook.com/pages/category/Fashion-Designer/Nomad-the-Label-101924494967834/"",""https://www.instagram.com/nomad.the.label/"",""https://www.youtube.com/channel/UCvUrFhRfrLwEN6xI4K-PRmg""]",pages_examined=5,100,100,100,qualified,,
site:myshopify.com/products palazzo pants,9,https://lotusandluna.myshopify.com/products/new-moon-blue-wide-leg-pants,lotusandluna.myshopify.com,https://lotusandluna.myshopify.com/products/new-moon-blue-wide-leg-pants,https://www.lotusandluna.com/products/new-moon-blue-wide-leg-pants,lotusandluna.com,New Moon Blue Wide Leg Pants,janelle@lotusandluna.com,https://lotusandluna.myshopify.com/policies/privacy-policy,10123035,https://lotusandluna.myshopify.com/products/new-moon-blue-wide-leg-pants,https://lotusandluna.myshopify.com/pages/gorgias-contact-us,"[""https://www.facebook.com/lotusandluna"",""https://www.instagram.com/shoplotusandluna/"",""https://www.youtube.com/channel/UCQvMMrQDBDazEK1z1TIgiOQ"",""https://www.pinterest.com/lotusandluna/_created/""]",pages_examined=5,100,40,82,qualified,,
site:myshopify.com/products palazzo pants,10,https://sistersandseekers.myshopify.com/products/wilbur-soft-wide-leg-pants-in-blue,sistersandseekers.myshopify.com,https://sistersandseekers.com/products/wilbur-soft-wide-leg-pants-in-blue,https://sistersandseekers.com/products/wilbur-soft-wide-leg-pants-in-blue,sistersandseekers.com,Sisters and Seekers,,,4622524,https://sistersandseekers.com/products/wilbur-soft-wide-leg-pants-in-blue,https://sistersandseekers.com/pages/contact-us,"[""https://instagram.com/sistersandseekers"",""https://www.facebook.com/SistersAndSeekersLtd"",""https://twitter.com/sisters_seekers"",""https://tiktok.com/@sistersandseekers"",""https://www.youtube.com/c/SistersSeekers"",""https://www.linkedin.com/company/sisters-and-seekers-ltd/""]",pages_examined=5,100,40,70,qualified,,
site:myshopify.com/products flare leggings,1,https://wiskii.myshopify.com/products/high-waist-flare-legging,wiskii.myshopify.com,https://wiskiiactive.com/products/high-waist-flare-legging?shpxid=452a044d-91fa-407e-9582-e2d9d3d6e777,https://wiskiiactive.com/products/high-waist-flare-legging,wiskiiactive.com,High-Waist Flare Legging,cc@wiskiiactive.com,https://wiskiiactive.com/pages/contact,,,https://wiskiiactive.com/pages/contact,"[""https://www.facebook.com/wiskiiactive/"",""https://www.instagram.com/wiskiiactive"",""https://www.pinterest.com/wiskiiactive"",""https://www.youtube.com/@wiskiiactive"",""https://www.tiktok.com/@wiskiiactive"",""https://www.facebook.com/groups/432913011230252"",""https://developers.facebook.com/docs/facebook-login/permissions""]",pages_examined=5; duplicate_results=4,100,100,93,qualified,,
site:myshopify.com/products flare leggings,2,https://laisla-shop.myshopify.com/products/r627pu1,laisla-shop.myshopify.com,https://laisla-shop.myshopify.com/products/r627pu1,https://us.crzyoga.com/products/r627pu1,us.crzyoga.com,Secretsculpt™ No Front Seam Flare Legging 31'',support@crzyoga.com,https://laisla-shop.myshopify.com/products/r627pu1,999999999,https://laisla-shop.myshopify.com/cdn/shop/t/307/assets/contact-us.css?v=162446539981805515011785319697,https://laisla-shop.myshopify.com/cdn/shop/t/307/assets/contact-us.css?v=162446539981805515011785319697,"[""https://www.instagram.com/crzyoga_us/"",""https://www.facebook.com/groups/crzcommunity/"",""https://twitter.com/crz_yoga"",""https://www.facebook.com/uscrzyogacom/"",""https://www.youtube.com/@crzyogaofficial"",""https://www.pinterest.com/crzyoga"",""https://www.tiktok.com/@crzyoga""]",pages_examined=5,100,100,100,qualified,,
site:myshopify.com/products flare leggings,6,https://shopfireflyboutique.myshopify.com/products/venice-high-waist-flare-leggings,shopfireflyboutique.myshopify.com,https://shopfireflyboutique.myshopify.com/products/venice-high-waist-flare-leggings,https://shopfireflyboutique.myshopify.com/products/venice-high-waist-flare-leggings,shopfireflyboutique.myshopify.com,Shop Firefly Boutique,savannah@shopfireflyboutique.com,https://shopfireflyboutique.myshopify.com/pages/contact-us,8123511402,https://shopfireflyboutique.myshopify.com/pages/contact-us,https://shopfireflyboutique.myshopify.com/pages/contact-us,"[""https://www.facebook.com/FireflyBoutiqueHuntingburg"",""https://www.instagram.com/fireflyon4th"",""https://www.facebook.com/sharer.php""]",pages_examined=2,100,100,94,qualified,,
site:myshopify.com/products flare leggings,7,https://relodestorecom.myshopify.com/products/clean-tights-flared-svart,relodestorecom.myshopify.com,https://relodestore.com/products/clean-tights-flared-svart,https://relodestore.com/products/clean-tights-flared-svart,relodestore.com,relodestore.com,info@relode.se,https://relodestore.com/policies/privacy-policy,47266665,https://relodestore.com/products/clean-tights-flared-svart,https://relodestore.com/pages/help-center,"[""https://www.instagram.com/relode/"",""https://www.facebook.com/Relode.se/"",""https://www.tiktok.com/@relodeathletes""]",pages_examined=5,100,80,94,qualified,,
site:myshopify.com/products flare leggings,9,https://leadsconnect.myshopify.com/products/luna-moth-brown-flare-leggings-with-moon-phases,leadsconnect.myshopify.com,https://www.activelineage.com/products/luna-moth-brown-flare-leggings-with-moon-phases,https://www.activelineage.com/products/luna-moth-brown-flare-leggings-with-moon-phases,activelineage.com,Luna Moth Brown Flare Leggings With Moon Phases,support@subliminator.com,https://www.activelineage.com/products/luna-moth-brown-flare-leggings-with-moon-phases,,,https://www.activelineage.com/pages/contact-us,"[""https://www.facebook.com/activelineage"",""https://www.instagram.com/activelineage/"",""https://www.youtube.com/@ActiveLineage"",""https://www.tiktok.com/@activelineage"",""https://x.com/activelineage"",""https://www.pinterest.com/activelineage/"",""https://www.facebook.com/adpreferences/ad_settings"",""https://www.facebook.com/login/"",""https://www.instagram.com/accounts/login/""]",pages_examined=5,100,100,93,qualified,,
site:myshopify.com/products flare leggings,10,https://my-westside.myshopify.com/products/hop-kids-girls-lilac-printed-high-rise-cotton-blend-flare-leggings-301050132?vsFromReqId=019e3e0e7b0bf137b6237884b3983e&vsFromPid=8041022062645&vsFromImUrl=https%3A%2F%2Fcdn.shopify.com%2Fs%2Ffiles%2F1%2F0266%2F6276%2F4597%2Ffiles%2F301050140OFFWHITE_01.jpg%3Fv%3D1769065281&vsFromProductUrl=https%3A%2F%2Fmy-westside.myshopify.com%2Fproducts%2Fhop-kids-girls-off-white-embroidered-cotton-top-301050140&vsFromPos=1,my-westside.myshopify.com,https://checkout.westside.com/products/hop-kids-girls-lilac-printed-high-rise-cotton-blend-flare-leggings-301050132?vsFromReqId=019e3e0e7b0bf137b6237884b3983e&vsFromPid=8041022062645&vsFromImUrl=https%3A%2F%2Fcdn.shopify.com%2Fs%2Ffiles%2F1%2F0266%2F6276%2F4597%2Ffiles%2F301050140OFFWHITE_01.jpg%3Fv%3D1769065281&vsFromProductUrl=https%3A%2F%2Fmy-westside.myshopify.com%2Fproducts%2Fhop-kids-girls-off-white-embroidered-cotton-top-301050140&vsFromPos=1,https://checkout.westside.com/products/hop-kids-girls-lilac-printed-high-rise-cotton-blend-flare-leggings-301050132,checkout.westside.com,Westside,westside@trent-tata.com,https://checkout.westside.com/products/hop-kids-girls-lilac-printed-high-rise-cotton-blend-flare-leggings-301050132?vsFromReqId=019e3e0e7b0bf137b6237884b3983e&vsFromPid=8041022062645&vsFromImUrl=https%3A%2F%2Fcdn.shopify.com%2Fs%2Ffiles%2F1%2F0266%2F6276%2F4597%2Ffiles%2F301050140OFFWHITE_01.jpg%3Fv%3D1769065281&vsFromProductUrl=https%3A%2F%2Fmy-westside.myshopify.com%2Fproducts%2Fhop-kids-girls-off-white-embroidered-cotton-top-301050140&vsFromPos=1,837719900,https://checkout.westside.com/products/hop-kids-girls-lilac-printed-high-rise-cotton-blend-flare-leggings-301050132?vsFromReqId=019e3e0e7b0bf137b6237884b3983e&vsFromPid=8041022062645&vsFromImUrl=https%3A%2F%2Fcdn.shopify.com%2Fs%2Ffiles%2F1%2F0266%2F6276%2F4597%2Ffiles%2F301050140OFFWHITE_01.jpg%3Fv%3D1769065281&vsFromProductUrl=https%3A%2F%2Fmy-westside.myshopify.com%2Fproducts%2Fhop-kids-girls-off-white-embroidered-cotton-top-301050140&vsFromPos=1,https://checkout.westside.com/pages/contact-number,"[""https://www.facebook.com/sharer/sharer.php"",""https://twitter.com/intent/tweet"",""https://pinterest.com/pin/create/button/"",""https://twitter.com/westsidestores"",""https://www.facebook.com/westsidefanpage/"",""https://www.instagram.com/westsidestores/"",""https://www.youtube.com/user/WestsideStores""]",pages_examined=5,100,100,100,qualified,,
site:myshopify.com/products floral corset dress,1,https://keira-tong-2.myshopify.com/products/floral-embroidered-corset-dress?variant=53246251237670&country=CI&currency=XOF,keira-tong-2.myshopify.com,https://keiratong.com/products/floral-embroidered-corset-dress?variant=53246251237670&country=CI&currency=XOF,https://keiratong.com/products/floral-embroidered-corset-dress,keiratong.com,Keira Tong,vuanhtu@aucouture.vn,https://keiratong.com/products/floral-embroidered-corset-dress?variant=53246251237670&country=CI&currency=XOF,9476102,https://keiratong.com/products/floral-embroidered-corset-dress?variant=53246251237670&country=CI&currency=XOF,https://keiratong.com/pages/contact,[],pages_examined=5; duplicate_results=2,100,80,92,qualified,,
site:myshopify.com/products floral corset dress,2,https://lacemadeuk.myshopify.com/products/lm232ls048-red-garnet-corset-dress,lacemadeuk.myshopify.com,https://lacemade.com/products/lm232ls048-red-garnet-corset-dress,https://lacemade.com/products/lm232ls048-red-garnet-corset-dress,lacemade.com,Red Garnet Corset Dress,info@lacemade.com,https://lacemade.com/products/lm232ls048-red-garnet-corset-dress,08502550066,https://lacemade.com/products/lm232ls048-red-garnet-corset-dress,https://lacemade.com/pages/contact-us,"[""https://www.facebook.com/profile.php"",""https://www.instagram.com/lacemadeofficial/"",""https://www.pinterest.com/LaceMadeOfficial/"",""https://www.youtube.com/@lacemadeofficial"",""https://www.tiktok.com/@lacemadeofficial"",""https://www.facebook.com/sharer.php"",""https://pinterest.com/pin/create/button/"",""https://twitter.com/share"",""https://www.facebook.com/settings/""]",pages_examined=5; duplicate_results=3,100,100,100,qualified,,
site:myshopify.com/products floral corset dress,4,https://chuhaozhuang99.myshopify.com/products/lacemade-wisteria-french-floral-corset-dress,chuhaozhuang99.myshopify.com,https://chinasquad.com/products/lacemade-wisteria-french-floral-corset-dress,https://chinasquad.com/products/lacemade-wisteria-french-floral-corset-dress,chinasquad.com,Home,service@chinasquad.com,https://chinasquad.com/products/lacemade-wisteria-french-floral-corset-dress,8866660581604,https://chinasquad.com/products/lacemade-wisteria-french-floral-corset-dress,https://chinasquad.com/cdn/shop/t/65/assets/cs-contact.s.min.css?v=82862247267339893801782454975,"[""https://www.instagram.com/chinasquad_official_site/"",""https://www.tiktok.com/@chinasquad_official"",""https://youtube.com/@chinasquad"",""https://www.youtube.com/@chinasquad"",""https://www.facebook.com/profile.php""]",pages_examined=5,100,100,100,qualified,,
site:myshopify.com/products floral corset dress,8,https://ohmollydress.myshopify.com/products/puff-long-sleeves-green-floral-corset-long-formal-dress,ohmollydress.myshopify.com,https://ohmollydress.com/products/puff-long-sleeves-green-floral-corset-long-formal-dress,https://ohmollydress.com/products/puff-long-sleeves-green-floral-corset-long-formal-dress,ohmollydress.com,,,,,,,[],"{""passwordProtected"":true,""textLength"":8252,""queryTerms"":[""floral"",""corset"",""dress""]}",100,80,69,rejected,inactive_store,
site:myshopify.com/products floral corset dress,9,https://afc6c7-3.myshopify.com/products/fairy-floral-overbust-top,afc6c7-3.myshopify.com,https://corsetlifestyle.com/products/fairy-floral-overbust-top,https://corsetlifestyle.com/products/fairy-floral-overbust-top,corsetlifestyle.com,Home,contact@corsetlifestyle.com,https://corsetlifestyle.com/products/fairy-floral-overbust-top,+12134687194,https://corsetlifestyle.com/products/fairy-floral-overbust-top,https://corsetlifestyle.com/policies/contact-information,"[""https://www.facebook.com/corsetlifestyleofficial"",""https://www.instagram.com/corsetlifestyle/"",""https://www.pinterest.com/corsetlifestyle/""]",pages_examined=5,100,80,94,qualified,,
