shop_type,generated_query,query_score,query_generation_reason,search_query,google_rank,google_result_url,myshopify_domain,final_url,canonical_url,resolved_domain,store_name,email,email_source_url,phone,phone_source_url,contact_url,social_profiles,additional_information,shopify_confidence,relevance_score,lead_score,status,rejection_reason,error
eyewear,site:myshopify.com/products smart glasses,97,Direct category term for an emerging purchasable product type.,site:myshopify.com/products smart glasses,6,https://engo-smart-eyewear-eu.myshopify.com/products/engo-2,,,,,,,,,,,[],,,,,failed,resolution_failed,HTTP 402
eyewear,site:myshopify.com/products photochromic sunglasses,100,Combines a concrete product with an established adaptive-lens term.,site:myshopify.com/products photochromic sunglasses,1,https://julbo-eyewear.myshopify.com/products/ultimate,julbo-eyewear.myshopify.com,https://julbo.us/products/ultimate-sunglasses,https://julbo.us/products/ultimate-sunglasses,julbo.us,Julbo Eyewear,info@julbousa.com,https://julbo.us/products/ultimate-sunglasses,123456789296,https://julbo.us/products/ultimate-sunglasses,https://julbo.us/pages/contact,"[""https://www.youtube.com/watch""]",pages_examined=5; duplicate_results=1,100,80,94,qualified,,
eyewear,site:myshopify.com/products photochromic sunglasses,100,Combines a concrete product with an established adaptive-lens term.,site:myshopify.com/products photochromic sunglasses,2,https://glade-optics.myshopify.com/products/photochromic-ski-goggles,glade-optics.myshopify.com,https://www.shopglade.com/collections/goggles/products/adapt-2-0,https://www.shopglade.com/products/adapt-2-0,shopglade.com,Adapt 2,hello@gladeoptics.com,https://www.shopglade.com/pages/privacy-policy,1271562,https://www.shopglade.com/collections/goggles/products/adapt-2-0,https://www.shopglade.com/pages/gladeucation-help-videos,"[""https://www.instagram.com/gladeoptics/"",""https://www.facebook.com/shopglade/"",""https://www.youtube.com/c/gladeopticstipsup/videos""]",pages_examined=5,100,80,94,qualified,,
eyewear,site:myshopify.com/products photochromic sunglasses,100,Combines a concrete product with an established adaptive-lens term.,site:myshopify.com/products photochromic sunglasses,3,https://rudyprojectna.myshopify.com/products/rydon-replacement-lenses?variant=47647148940,rudyprojectna.myshopify.com,https://www.rudyprojectna.com/products/rydon-replacement-lenses?variant=47647148940,https://www.rudyprojectna.com/products/rydon-replacement-lenses,rudyprojectna.com,Rydon Replacement Lenses,email@rudyprojectna.com,https://www.rudyprojectna.com/policies/privacy-policy,6824113,https://www.rudyprojectna.com/products/rydon-replacement-lenses?variant=47647148940,https://www.rudyprojectna.com/pages/customer-service,"[""https://www.instagram.com/rudyprojectna/"",""https://www.facebook.com/RudyProjectNA/"",""https://www.tiktok.com/@rudyprojectna""]",pages_examined=5,100,80,94,qualified,,
eyewear,site:myshopify.com/products photochromic sunglasses,100,Combines a concrete product with an established adaptive-lens term.,site:myshopify.com/products photochromic sunglasses,4,https://reks-glasses.myshopify.com/products/sling-blade-kontrast-photochromic-prescription-sunglasses,reks-glasses.myshopify.com,https://reks.com/products/sling-blade-kontrast-photochromic-prescription-sunglasses,https://reks.com/products/sling-blade-kontrast-photochromic-prescription-sunglasses,reks.com,Sling Blade Kontrast Photochromic Prescription Sunglasses,support@reks.com,https://reks.com/pages/contact-us,5614310153,https://reks.com/products/sling-blade-kontrast-photochromic-prescription-sunglasses,https://reks.com/pages/contact-us,"[""https://www.instagram.com/reksoptics/"",""https://www.facebook.com/REKS.Be.Unbreakable"",""https://www.facebook.com/REKS.Be.Unbreakable/"",""https://www.instagram.com/reksoptics""]",pages_examined=5; duplicate_results=1,100,80,94,qualified,,
eyewear,site:myshopify.com/products photochromic sunglasses,100,Combines a concrete product with an established adaptive-lens term.,site:myshopify.com/products photochromic sunglasses,5,https://powster.myshopify.com/products/tidal-tt-sport-sunglasses,powster.myshopify.com,https://powsterstudios.com/products/tidal-tt-sport-sunglasses,https://powsterstudios.com/products/tidal-tt-sport-sunglasses,powsterstudios.com,Home,info@powsterstudios.com,https://powsterstudios.com/pages/privacy-policy,,,,"[""https://www.facebook.com/powsterstudios/"",""https://www.instagram.com/powster_official/"",""https://www.youtube.com/@powster_official"",""https://www.tiktok.com/@powster_official""]",pages_examined=5; duplicate_results=1,100,100,89,qualified,,
eyewear,site:myshopify.com/products photochromic sunglasses,100,Combines a concrete product with an established adaptive-lens term.,site:myshopify.com/products photochromic sunglasses,6,https://johann-wolff.myshopify.com/products/bernau-light,johann-wolff.myshopify.com,https://johannwolff.com/products/bernau-light,https://johannwolff.com/products/bernau-light,johannwolff.com,Johann Wolff,info@johannwolff.com,https://johannwolff.com/products/bernau-light,3054577607,https://johannwolff.com/products/bernau-light,,[],pages_examined=5,100,80,88,qualified,,
eyewear,site:myshopify.com/products photochromic sunglasses,100,Combines a concrete product with an established adaptive-lens term.,site:myshopify.com/products photochromic sunglasses,7,https://specs-appeal-optical.myshopify.com/products/oliver-peoples-gregory-peck-crystal-indigo-photochromic-sunglasses,specs-appeal-optical.myshopify.com,https://specs-appeal-optical.myshopify.com/products/oliver-peoples-gregory-peck-crystal-indigo-photochromic-sunglasses,https://specs-appeal-optical.myshopify.com/products/oliver-peoples-gregory-peck-crystal-indigo-photochromic-sunglasses,specs-appeal-optical.myshopify.com,Specs Appeal Optical,,,,,,[],pages_examined=1,100,100,69,rejected,no_contact_information,
eyewear,site:myshopify.com/products photochromic sunglasses,100,Combines a concrete product with an established adaptive-lens term.,site:myshopify.com/products photochromic sunglasses,8,https://pretavoir.myshopify.com/products/cartier-ct0425s-006-photochromic,pretavoir.myshopify.com,https://pretavoir.co.uk/products/cartier-ct0425s-006-photochromic,https://pretavoir.co.uk/products/cartier-ct0425s-006-photochromic,pretavoir.co.uk,Cartier CT0425S 006 Photochromic,hello@pretavoir.co.uk,https://pretavoir.co.uk/products/cartier-ct0425s-006-photochromic,01415525065,https://pretavoir.co.uk/products/cartier-ct0425s-006-photochromic,https://pretavoir.co.uk/cdn/shopifycloud/storefront/assets/themes_support/option_selection-b017cd28.js,"[""https://www.facebook.com/pretavoir.co.uk"",""https://instagram.com/pretavoir.co.uk"",""https://twitter.com/pretavoir"",""https://www.youtube.com/channel/UCxIg1hmilw0CDFqIj2yKQQg"",""https://www.linkedin.com/company/pretavoir"",""https://www.facebook.com/sharer.php"",""https://twitter.com/intent/tweet"",""https://pinterest.com/pin/create/button/"",""https://www.facebook.com/settings/""]",pages_examined=5; duplicate_results=1,100,100,100,qualified,,
eyewear,site:myshopify.com/products photochromic sunglasses,100,Combines a concrete product with an established adaptive-lens term.,site:myshopify.com/products photochromic sunglasses,9,https://gilassesstore.myshopify.com/products/kingseven-new-photochromic-sunglasses-men-polarized,gilassesstore.myshopify.com,https://gilassesstore.myshopify.com/products/kingseven-new-photochromic-sunglasses-men-polarized,https://gilassesstore.myshopify.com/products/kingseven-new-photochromic-sunglasses-men-polarized,gilassesstore.myshopify.com,gilassesstore,himalayalarr@gmail.com,https://gilassesstore.myshopify.com/pages/privacy-policy,,,,"[""https://www.facebook.com/sharer.php"",""https://twitter.com/share"",""https://pinterest.com/pin/create/button/""]",pages_examined=2,100,100,83,qualified,,
eyewear,site:myshopify.com/products photochromic sunglasses,100,Combines a concrete product with an established adaptive-lens term.,site:myshopify.com/products photochromic sunglasses,10,https://chapter-2-cycle.myshopify.com/products/altalist-kisou-pxc-photochromic-performance-eyewear,chapter-2-cycle.myshopify.com,https://www.chapter2cycle.sg/products/altalist-kisou-pxc-photochromic-performance-eyewear?shpxid=8d04ab7e-50e9-4edb-b3f7-e3b0dac9bd25,https://www.chapter2cycle.sg/products/altalist-kisou-pxc-photochromic-performance-eyewear,chapter2cycle.sg,Altalist Kisou PXC Mountain Sports Sunglasses (Photochromic),chapter2cycle.sg@gmail.com,https://www.chapter2cycle.sg/products/altalist-kisou-pxc-photochromic-performance-eyewear?shpxid=8d04ab7e-50e9-4edb-b3f7-e3b0dac9bd25,45317619384458,https://www.chapter2cycle.sg/products/altalist-kisou-pxc-photochromic-performance-eyewear?shpxid=8d04ab7e-50e9-4edb-b3f7-e3b0dac9bd25,https://www.chapter2cycle.sg/pages/contact,"[""https://www.facebook.com/chapter2cycle"",""https://www.instagram.com/chapter2cycle/"",""https://www.youtube.com/channel/UCeKR6_nlCRTlGPnRFkdim9g"",""https://www.facebook.com/sharer.php"",""https://twitter.com/share""]",pages_examined=5,100,80,94,qualified,,
eyewear,site:myshopify.com/products blue light glasses,100,Directly matches frequent Shopify product-title vocabulary.,site:myshopify.com/products blue light glasses,1,https://blenderseyewear-com.myshopify.com/products/better-biz-blue-light-glasses,blenderseyewear-com.myshopify.com,https://www.blenderseyewear.com/,https://www.blenderseyewear.com/,blenderseyewear.com,Blenders Eyewear,,,6856114,https://www.blenderseyewear.com/,https://www.blenderseyewear.com/pages/blenders-eyewear-contact-us,"[""https://www.facebook.com/blenders/"",""https://x.com/BlendersEyewear"",""https://www.linkedin.com/company/blenderseyewear"",""https://www.youtube.com/@BlendersEyewear1"",""https://www.instagram.com/blenders/"",""https://www.tiktok.com/@blenders"",""https://www.facebook.com/about/privacy/previous"",""https://help.instagram.com/519522125107875"",""https://help.instagram.com/196883487377501""]",pages_examined=5; duplicate_results=1,100,100,88,qualified,,
eyewear,site:myshopify.com/products blue light glasses,100,Directly matches frequent Shopify product-title vocabulary.,site:myshopify.com/products blue light glasses,2,https://barner-eyewear.myshopify.com/products/shoreditch-havana-man?variant=23347041894458,barner-eyewear.myshopify.com,https://barnerbrand.com/products/shoreditch?variant=23347041894458,https://barnerbrand.com/products/shoreditch,barnerbrand.com,Shoreditch,support@barnerbrand.com,https://barnerbrand.com/products/shoreditch?variant=23347041894458,1000000,https://barnerbrand.com/products/shoreditch?variant=23347041894458,,"[""https://www.instagram.com/barnerbrand/"",""https://www.tiktok.com/@barnerbrand.com"",""https://www.youtube.com/@BARNERBRAND"",""https://www.facebook.com/barnerbrand/""]",pages_examined=5,100,100,96,qualified,,
eyewear,site:myshopify.com/products blue light glasses,100,Directly matches frequent Shopify product-title vocabulary.,site:myshopify.com/products blue light glasses,3,https://benicci.myshopify.com/products/anti-blue-light-glasses?sca_source=,benicci.myshopify.com,https://benicci.com/products/anti-blue-light-glasses?sca_source=,https://benicci.com/products/anti-blue-light-glasses,benicci.com,Benicci,care@benicci.com,https://benicci.com/products/anti-blue-light-glasses?sca_source=,+18332364224,https://benicci.com/products/anti-blue-light-glasses?sca_source=,https://benicci.com/pages/contact,"[""https://www.facebook.com/beniccibrand/"",""https://www.pinterest.com/beniccibrand/"",""https://www.instagram.com/beniccibrand/"",""https://www.tiktok.com/@beniccibrand"",""https://www.youtube.com/@benicci""]",pages_examined=5,100,100,100,qualified,,
eyewear,site:myshopify.com/products blue light glasses,100,Directly matches frequent Shopify product-title vocabulary.,site:myshopify.com/products blue light glasses,4,https://gabriel-simone.myshopify.com/products/sasha,gabriel-simone.myshopify.com,https://gabrielsimone.com/products/sasha,https://gabrielsimone.com/products/sasha,gabrielsimone.com,Sasha,info@gabrielsimone.com,https://gabrielsimone.com/pages/contact,100150200250300,https://gabrielsimone.com/products/sasha,https://gabrielsimone.com/pages/contact,"[""https://www.instagram.com/gabrielandsimone/"",""https://www.facebook.com/sharer.php"",""https://pinterest.com/pin/create/button/"",""https://twitter.com/share""]",pages_examined=4,100,100,100,qualified,,
eyewear,site:myshopify.com/products blue light glasses,100,Directly matches frequent Shopify product-title vocabulary.,site:myshopify.com/products blue light glasses,5,https://glas-eyewear-ab.myshopify.com/products/elin-smoky-hazel-blue-light,glas-eyewear-ab.myshopify.com,https://www.glaseyewear.com/products/elin-smoky-hazel-blue-light,https://www.glaseyewear.com/products/elin-smoky-hazel-blue-light,glaseyewear.com,GLAS Eyewear,customerservice@glaseyewear.com,https://www.glaseyewear.com/pages/contact,1234567,https://www.glaseyewear.com/products/elin-smoky-hazel-blue-light,https://www.glaseyewear.com/pages/glas-help-center,"[""https://www.linkedin.com/company/glas-scandinavia-ab/jobs/"",""https://www.facebook.com/wearglasofficial"",""https://www.instagram.com/glas.eyewear"",""https://www.tiktok.com/@glas.eyewear"",""https://www.instagram.com/glas.eyewear/""]",pages_examined=5,100,100,100,qualified,,
eyewear,site:myshopify.com/products blue light glasses,100,Directly matches frequent Shopify product-title vocabulary.,site:myshopify.com/products blue light glasses,6,https://dr-robert-melillo.myshopify.com/products/eyelights-for-therapy,dr-robert-melillo.myshopify.com,https://dr-robert-melillo.myshopify.com/products/eyelights-for-therapy,https://dr-robert-melillo.myshopify.com/products/eyelights-for-therapy,dr-robert-melillo.myshopify.com,Dr. Robert Melillo,,,43754771644592,https://dr-robert-melillo.myshopify.com/products/zeolite-extra-strength-for-total-body-detoxification-and-immune-system-support,https://dr-robert-melillo.myshopify.com/products/zeolite-extra-strength-for-total-body-detoxification-and-immune-system-support,"[""https://www.facebook.com/sharer.php"",""https://twitter.com/share"",""https://pinterest.com/pin/create/button/"",""https://www.facebook.com/DrRobertMelillo/"",""https://twitter.com/DrRobMelillo"",""https://www.pinterest.com/DrRobertMelillo/pins/follow/"",""https://www.instagram.com/DrRobertMelillo/""]",pages_examined=5,100,80,76,qualified,,
eyewear,site:myshopify.com/products blue light glasses,100,Directly matches frequent Shopify product-title vocabulary.,site:myshopify.com/products blue light glasses,7,https://ocushield-live.myshopify.com/products/anti-blue-light-filter-laptop-computer-screen,ocushield-live.myshopify.com,https://www.ocushield.com/products/anti-blue-light-filter-laptop-computer-screen,https://www.ocushield.com/products/anti-blue-light-filter-laptop-computer-screen,ocushield.com,Home,customerservice@ocushield.com,https://www.ocushield.com/products/anti-blue-light-filter-laptop-computer-screen,36073833037983,https://www.ocushield.com/products/anti-blue-light-filter-laptop-computer-screen,,"[""https://www.instagram.com/getocushield/"",""https://www.facebook.com/getocushield/"",""https://www.youtube.com/channel/UCiCiSjO3g9gIyC2bJKkVXIA"",""https://twitter.com/GetOcuShield"",""https://www.instagram.com/dhruvinpatel/"",""https://www.instagram.com/lifeofdeseye/"",""https://www.linkedin.com/in/gemmaclare/"",""https://www.youtube.com/watch""]",pages_examined=5,100,80,90,qualified,,
eyewear,site:myshopify.com/products blue light glasses,100,Directly matches frequent Shopify product-title vocabulary.,site:myshopify.com/products blue light glasses,8,https://bonnie-clyde-la.myshopify.com/products/baby-tortoise-clear,bonnie-clyde-la.myshopify.com,https://bonnie-clyde-la.myshopify.com/products/baby-tortoise-clear,https://bonnieclyde.la/products/baby-tortoise-clear,bonnieclyde.la,Baby,support@bonnieclyde.la,https://bonnie-clyde-la.myshopify.com/pages/support-help-center,,,https://bonnie-clyde-la.myshopify.com/pages/support-help-center,"[""https://www.instagram.com/bonnieclyde/""]",pages_examined=5; duplicate_results=1,100,80,87,qualified,,
eyewear,site:myshopify.com/products blue light glasses,100,Directly matches frequent Shopify product-title vocabulary.,site:myshopify.com/products blue light glasses,9,https://diffeyewear.myshopify.com/products/sandra-light-pink-crystal-dusk-gradient-sunglasses?utm_source=Klaviyo&utm_medium=email&utm_campaign=2024-08-04-PRODUCT%20RECS%20%2801J420N45ZQ7YZQZS28ATB3814%29&utm_id=01J420N45ZQ7YZQZS28ATB3814&utm_klaviyo_id=01G5K3D4NJSX6WAJ9R18P3SNVJ&nb_klid=01G5K3D4NJSX6WAJ9R18P3SNVJ&_kx=21BHARhp3RVEpe7RFWzjnit-L3j7-C2BgOn61G9sVELN4I9D99UaYOQwqE1pDf4TIWlWo_TTrESb6NibXBpatQ.dq4bk6,diffeyewear.myshopify.com,https://www.diffeyewear.com/products/sandra-light-pink-crystal-dusk-gradient-sunglasses?utm_source=Klaviyo&utm_medium=email&utm_campaign=2024-08-04-PRODUCT%20RECS%20%2801J420N45ZQ7YZQZS28ATB3814%29&utm_id=01J420N45ZQ7YZQZS28ATB3814&utm_klaviyo_id=01G5K3D4NJSX6WAJ9R18P3SNVJ&nb_klid=01G5K3D4NJSX6WAJ9R18P3SNVJ&_kx=21BHARhp3RVEpe7RFWzjnit-L3j7-C2BgOn61G9sVELN4I9D99UaYOQwqE1pDf4TIWlWo_TTrESb6NibXBpatQ.dq4bk6,https://www.diffeyewear.com/products/sandra-light-pink-crystal-dusk-gradient-sunglasses,diffeyewear.com,SANDRA - LIGHT PINK CRYSTAL + DUSK GRADIENT SUNGLASSES,,,,,https://www.diffeyewear.com/pages/help-and-faq,"[""https://www.facebook.com/diffeyewear/"",""https://twitter.com/diffeyewear"",""https://pinterest.com/diffeyewear"",""https://instagram.com/diffeyewear"",""https://www.youtube.com/channel/UC5EZQf4L1JHm9k5sNBetRjw"",""https://www.tiktok.com/@diffeyewear"",""https://www.youtube.com/watch""]",pages_examined=5,100,100,81,qualified,,
eyewear,site:myshopify.com/products blue light glasses,100,Directly matches frequent Shopify product-title vocabulary.,site:myshopify.com/products blue light glasses,10,https://redspec.myshopify.com/products/mirage-night,redspec.myshopify.com,https://redspec.co/products/mirage-night,https://redspec.co/products/mirage-night,redspec.co,Mirage Evening,see@redspec.co,https://redspec.co/pages/contact,1120050,https://redspec.co/products/mirage-night,https://redspec.co/pages/contact,"[""https://www.instagram.com/redspec.co/""]",pages_examined=5,100,100,100,qualified,,
eyewear,site:myshopify.com/products swim goggles,100,Concrete sports product phrase distinct from general sunglasses.,site:myshopify.com/products swim goggles,1,https://fog-x.myshopify.com/products/fog-x,fog-x.myshopify.com,https://fogxsolutions.com/products/fog-x,https://fogxsolutions.com/products/fog-x,fogxsolutions.com,Fog-X,info@fogxsolutions.com,https://fogxsolutions.com/products/fog-x,,,https://fogxsolutions.com/pages/contact-us,"[""https://www.facebook.com/sharer.php"",""https://www.facebook.com/fogxsolutions"",""https://www.instagram.com/fogx_solutions/"",""https://www.youtube.com/@fogxsolutions""]",pages_examined=5,100,100,93,qualified,,
eyewear,site:myshopify.com/products swim goggles,100,Concrete sports product phrase distinct from general sunglasses.,site:myshopify.com/products swim goggles,2,https://baby-banz.myshopify.com/products/uv-anti-fog-swim-goggles,baby-banz.myshopify.com,https://usa.banzworld.com/products/uv-anti-fog-swim-goggles,https://usa.banzworld.com/products/uv-anti-fog-swim-goggles,usa.banzworld.com,BANZ® Carewear USA,,,6602384256,https://usa.banzworld.com/products/uv-anti-fog-swim-goggles,https://usa.banzworld.com/pages/sensory-support-for-families,"[""http://twitter.com/banzcarewear"",""http://facebook.com/banzcarewear"",""http://pinterest.com/banzcarewear"",""http://instagram.com/banzcarewear"",""http://tiktok.com/banzcarewear"",""http://youtube.com/babybanzinc"",""https://www.instagram.com/""]",pages_examined=5,100,100,88,qualified,,
eyewear,site:myshopify.com/products swim goggles,100,Concrete sports product phrase distinct from general sunglasses.,site:myshopify.com/products swim goggles,3,https://banburycrosskids.myshopify.com/products/the-maze-swim-goggles,banburycrosskids.myshopify.com,https://banburycrosskids.myshopify.com/products/the-maze-swim-goggles,https://banburycrosskids.myshopify.com/products/the-maze-swim-goggles,banburycrosskids.myshopify.com,banburycrosskids,banburycrosskids@gmail.com,https://banburycrosskids.myshopify.com/pages/contact-us,700055048370447,https://banburycrosskids.myshopify.com/pages/contact-us,https://banburycrosskids.myshopify.com/pages/contact-us,"[""https://www.facebook.com/sharer.php"",""https://twitter.com/share"",""https://pinterest.com/pin/create/button/""]",pages_examined=5,100,100,94,qualified,,
eyewear,site:myshopify.com/products swim goggles,100,Concrete sports product phrase distinct from general sunglasses.,site:myshopify.com/products swim goggles,4,https://swim-play-connect.myshopify.com/products/anti-fog-kids-swimming-goggles,swim-play-connect.myshopify.com,https://swim-play-connect.myshopify.com/products/anti-fog-kids-swimming-goggles,https://swim-play-connect.myshopify.com/products/anti-fog-kids-swimming-goggles,swim-play-connect.myshopify.com,Swim Play Connect,,,,,https://swim-play-connect.myshopify.com/pages/contact-us,"[""https://www.facebook.com/Camping-Quarters-106435310041415/"",""https://www.instagram.com/splashandswimtoys/""]",pages_examined=4,100,80,69,qualified,,
eyewear,site:myshopify.com/products swim goggles,100,Concrete sports product phrase distinct from general sunglasses.,site:myshopify.com/products swim goggles,5,https://roka.myshopify.com/products/silicone-swim-cap,roka.myshopify.com,https://rokamultisport.com/products/silicone-swim-cap,https://rokamultisport.com/products/silicone-swim-cap,rokamultisport.com,Pro Team Silicone Swim Cap,support@rokamultisport.com,https://rokamultisport.com/pages/privacy-policy,48140845,https://rokamultisport.com/products/silicone-swim-cap,https://rokamultisport.com/pages/help,"[""https://instagram.com/rokamultisport""]",pages_examined=5,100,80,94,qualified,,
eyewear,site:myshopify.com/products swim goggles,100,Concrete sports product phrase distinct from general sunglasses.,site:myshopify.com/products swim goggles,6,https://mermaidstail.myshopify.com/products/swimming-hat-goggles-set,mermaidstail.myshopify.com,https://mermaidstail.myshopify.com/products/swimming-hat-goggles-set,https://mermaidstail.myshopify.com/products/swimming-hat-goggles-set,mermaidstail.myshopify.com,Mermaids Tail,support@mermaidstail.co.uk,https://mermaidstail.myshopify.com/products/swimming-hat-goggles-set,+441234352488,https://mermaidstail.myshopify.com/products/swimming-hat-goggles-set,https://mermaidstail.myshopify.com/pages/contact-us,"[""https://twitter.com/MermaidsTail2"",""https://www.facebook.com/MerTailUK"",""https://www.youtube.com/channel/UCj-Tr52D9nyD9Vjk00a_Nnw"",""https://www.instagram.com/m.e.r.m.a.i.d.s_tail/""]",pages_examined=5,100,100,94,qualified,,
eyewear,site:myshopify.com/products swim goggles,100,Concrete sports product phrase distinct from general sunglasses.,site:myshopify.com/products swim goggles,7,https://outdoormastershop.myshopify.com/products/mips-bike-helmet-gem,outdoormastershop.myshopify.com,https://outdoormaster.com/products/mips-bike-helmet-gem,https://outdoormaster.com/products/mips-bike-helmet-gem,outdoormaster.com,,,,,,,[],"{""passwordProtected"":true,""textLength"":11140,""queryTerms"":[""swim"",""goggles""]}",100,100,75,rejected,inactive_store,
eyewear,site:myshopify.com/products swim goggles,100,Concrete sports product phrase distinct from general sunglasses.,site:myshopify.com/products swim goggles,8,https://wilsonandhunter.myshopify.com/products/swimming-googles-watermelon,wilsonandhunter.myshopify.com,https://wilsonandhunter.myshopify.com/products/swimming-googles-watermelon,https://wilsonandhunter.myshopify.com/products/swimming-googles-watermelon,wilsonandhunter.myshopify.com,Wilson and Hunter,wilsonandhunter@hotmail.com,https://wilsonandhunter.myshopify.com/pages/contact-us,0431332973,https://wilsonandhunter.myshopify.com/pages/contact-us,https://wilsonandhunter.myshopify.com/pages/contact-us,"[""https://www.facebook.com/wilsonandhunter2320"",""https://instagram.com/wilsonandhunter"",""https://www.facebook.com/sharer.php"",""https://twitter.com/home"",""https://pinterest.com/pin/create/button/""]",pages_examined=4,100,80,88,qualified,,
eyewear,site:myshopify.com/products swim goggles,100,Concrete sports product phrase distinct from general sunglasses.,site:myshopify.com/products swim goggles,9,https://pool-fun-zone.myshopify.com/products/swimming-goggles-with-ear-and-hair-protection,pool-fun-zone.myshopify.com,https://pool-fun-zone.myshopify.com/products/swimming-goggles-with-ear-and-hair-protection,https://pool-fun-zone.myshopify.com/products/swimming-goggles-with-ear-and-hair-protection,pool-fun-zone.myshopify.com,Pool Fun Zone,,,,,https://pool-fun-zone.myshopify.com/pages/contact-us,[],pages_examined=4,100,80,67,qualified,,
eyewear,site:myshopify.com/products swim goggles,100,Concrete sports product phrase distinct from general sunglasses.,site:myshopify.com/products swim goggles,10,https://8pnded-b4.myshopify.com/products/holoswim-2-pro-ar-smart-swim-goggles?variant=61922020917618&country=US&currency=USD,8pnded-b4.myshopify.com,https://8pnded-b4.myshopify.com/products/holoswim-2-pro-ar-smart-swim-goggles?variant=61922020917618&country=US&currency=USD,https://8pnded-b4.myshopify.com/products/holoswim-2-pro-ar-smart-swim-goggles,8pnded-b4.myshopify.com,AquaFit,support@aquafit.com,https://8pnded-b4.myshopify.com/pages/contact,,,https://8pnded-b4.myshopify.com/pages/contact,[],pages_examined=5,100,100,85,qualified,,
eyewear,site:myshopify.com/products clip on sunglasses,98.5,Concrete format term likely to appear in product titles.,site:myshopify.com/products clip on sunglasses,1,https://dromoland-castle-golf-shop.myshopify.com/products/glasses-case,dromoland-castle-golf-shop.myshopify.com,https://dromoland-castle-golf-shop.myshopify.com/,https://dromoland-castle-golf-shop.myshopify.com/,dromoland-castle-golf-shop.myshopify.com,Dromoland Castle Golf Shop,,,,,,"[""https://www.facebook.com/sharer.php"",""https://twitter.com/share"",""https://pinterest.com/pin/create/button/""]",pages_examined=3,100,40,53,rejected,no_contact_information,
eyewear,site:myshopify.com/products clip on sunglasses,98.5,Concrete format term likely to appear in product titles.,site:myshopify.com/products clip on sunglasses,2,https://clip-ons.myshopify.com/products/safety-shields,clip-ons.myshopify.com,https://clip-ons.myshopify.com/products/safety-shields,https://sunglassesclipon.com/products/safety-shields,sunglassesclipon.com,Safety Shields,info@opsales.com,https://clip-ons.myshopify.com/products/safety-shields,28405168895800,https://clip-ons.myshopify.com/products/safety-shields,https://clip-ons.myshopify.com/pages/contact-us,"[""https://www.facebook.com/sharer.php"",""https://twitter.com/share"",""https://pinterest.com/pin/create/button/"",""https://www.facebook.com/Opsales-Inc-106166148119238"",""https://www.pinterest.com/opsales/_shop/"",""https://www.instagram.com/opsalesinc/""]",pages_examined=3,100,80,94,qualified,,
eyewear,site:myshopify.com/products clip on sunglasses,98.5,Concrete format term likely to appear in product titles.,site:myshopify.com/products clip on sunglasses,3,https://youcefkeala-mobel.myshopify.com/products/hjyfino-5-lenes-magnet-sunglasses-clip-mirrored-clip-on-sunglasses-clip-on-glasses-men-polarized-clip-custom-prescription-myopia,youcefkeala-mobel.myshopify.com,https://youcefkeala-mobel.myshopify.com/products/hjyfino-5-lenes-magnet-sunglasses-clip-mirrored-clip-on-sunglasses-clip-on-glasses-men-polarized-clip-custom-prescription-myopia,https://youcefkeala-mobel.myshopify.com/products/hjyfino-5-lenes-magnet-sunglasses-clip-mirrored-clip-on-sunglasses-clip-on-glasses-men-polarized-clip-custom-prescription-myopia,youcefkeala-mobel.myshopify.com,Sunyez,,,,,,"[""https://www.facebook.com/sharer.php"",""https://twitter.com/share"",""https://pinterest.com/pin/create/button/""]",pages_examined=2,100,80,65,rejected,no_contact_information,
eyewear,site:myshopify.com/products clip on sunglasses,98.5,Concrete format term likely to appear in product titles.,site:myshopify.com/products clip on sunglasses,4,https://jacques-marie-mage.myshopify.com/products/moscova-clip-on,jacques-marie-mage.myshopify.com,https://jacquesmariemage.com/products/moscova-clip-on,https://jacquesmariemage.com/products/moscova-clip-on,jacquesmariemage.com,Jacques Marie Mage,shop@jacquesmariemage.com,https://jacquesmariemage.com/pages/contact,+18773586161,https://jacquesmariemage.com/pages/contact,https://jacquesmariemage.com/pages/contact,"[""https://www.instagram.com/jacquesmariemage/""]",pages_examined=4; duplicate_results=1,100,80,94,qualified,,
eyewear,site:myshopify.com/products clip on sunglasses,98.5,Concrete format term likely to appear in product titles.,site:myshopify.com/products clip on sunglasses,5,https://shady-gators.myshopify.com/products/aperture-eyewear-clip-on,shady-gators.myshopify.com,https://shadygators.in/products/aperture-eyewear-clip-on,https://shadygators.in/products/aperture-eyewear-clip-on,shadygators.in,Shady Gators,shop@shadygators.in,https://shadygators.in/products/aperture-eyewear-clip-on,+917011056597,https://shadygators.in/products/aperture-eyewear-clip-on,https://shadygators.in/pages/contact,"[""https://www.instagram.com/shadygators.official""]",pages_examined=5,100,80,94,qualified,,
eyewear,site:myshopify.com/products clip on sunglasses,98.5,Concrete format term likely to appear in product titles.,site:myshopify.com/products clip on sunglasses,6,https://moscot.myshopify.com/products/clipzen-gold-custom-made-tints,moscot.myshopify.com,https://moscot.myshopify.com/products/clipzen-gold-custom-made-tints,https://moscot.com/products/clipzen-gold-custom-made-tints,moscot.com,CLIPZEN GOLD WITH CUSTOM MADE TINTS™,support@moscot.com,https://moscot.myshopify.com/products/clipzen-gold-custom-made-tints,19072887783486,https://moscot.myshopify.com/products/clipzen-gold-custom-made-tints,https://moscot.myshopify.com/pages/contact-us,"[""https://www.facebook.com/MOSCOT/"",""https://www.instagram.com/moscotnyc/"",""https://www.pinterest.com/moscot/"",""https://www.youtube.com/user/moscotnyc"",""https://www.tiktok.com/@moscotnyc""]",pages_examined=5,100,80,94,qualified,,
eyewear,site:myshopify.com/products clip on sunglasses,98.5,Concrete format term likely to appear in product titles.,site:myshopify.com/products clip on sunglasses,7,https://ffd31d-3.myshopify.com/products/platinum-vehicle-eyewear-clip-acyjn-b01?pr_prod_strat=e5_desc&pr_rec_id=7b09c01f4&pr_rec_pid=9228432998713&pr_ref_pid=9227915886905&pr_seq=uniform,ffd31d-3.myshopify.com,https://baseusindiaofficial.com/products/platinum-vehicle-eyewear-clip-acyjn-b01?pr_prod_strat=e5_desc&pr_rec_id=7b09c01f4&pr_rec_pid=9228432998713&pr_ref_pid=9227915886905&pr_seq=uniform,https://baseusindiaofficial.com/products/platinum-vehicle-eyewear-clip-acyjn-b01,baseusindiaofficial.com,Baseus India Official Store,seller.lifeazy@gmail.com,https://baseusindiaofficial.com/products/platinum-vehicle-eyewear-clip-acyjn-b01?pr_prod_strat=e5_desc&pr_rec_id=7b09c01f4&pr_rec_pid=9228432998713&pr_ref_pid=9227915886905&pr_seq=uniform,6953156220119,https://baseusindiaofficial.com/products/platinum-vehicle-eyewear-clip-acyjn-b01?pr_prod_strat=e5_desc&pr_rec_id=7b09c01f4&pr_rec_pid=9228432998713&pr_ref_pid=9227915886905&pr_seq=uniform,https://baseusindiaofficial.com/pages/contact,"[""https://www.facebook.com/sharer/sharer.php"",""https://www.facebook.com/shopify"",""https://www.instagram.com/shopify/""]",pages_examined=5,100,100,100,qualified,,
eyewear,site:myshopify.com/products clip on sunglasses,98.5,Concrete format term likely to appear in product titles.,site:myshopify.com/products clip on sunglasses,8,https://the-classy-coope-boutique.myshopify.com/products/trucker-claw-clip-opal,the-classy-coope-boutique.myshopify.com,https://the-classy-coope-boutique.myshopify.com/,https://the-classy-coope-boutique.myshopify.com/,the-classy-coope-boutique.myshopify.com,The Classy Coope Boutique,,,,,https://the-classy-coope-boutique.myshopify.com/pages/contact,"[""https://www.facebook.com/theclassycoopeboutique"",""https://www.instagram.com/theclassycoopeboutique"",""https://www.tiktok.com/@theclassycoope""]",pages_examined=3,100,80,69,qualified,,
eyewear,site:myshopify.com/products clip on sunglasses,98.5,Concrete format term likely to appear in product titles.,site:myshopify.com/products clip on sunglasses,9,https://zenottic-eyeglasses.myshopify.com/products/best-prescription-sunglasses,zenottic-eyeglasses.myshopify.com,https://www.zenottic.com/products/best-prescription-sunglasses,https://www.zenottic.com/products/best-prescription-sunglasses,zenottic.com,ZENOTTIC Eyewear,info@zenottic.com,https://www.zenottic.com/products/best-prescription-sunglasses,44633950978214,https://www.zenottic.com/products/best-prescription-sunglasses,https://www.zenottic.com/pages/contact-us,"[""https://www.facebook.com/sharer/sharer.php"",""http://twitter.com/share"",""http://pinterest.com/pin/create/button/"",""https://www.facebook.com/profile.php"",""https://www.instagram.com/zenottic_us/"",""https://www.pinterest.com/zenotticeyewear/"",""https://www.tiktok.com/@zenotticglasses"",""https://www.youtube.com/@zenotticeyewear""]",pages_examined=5; duplicate_results=1,100,80,94,qualified,,
eyewear,site:myshopify.com/products smart glasses,97,Direct category term for an emerging purchasable product type.,site:myshopify.com/products smart glasses,1,https://blackview-store.myshopify.com/products/bv100-ai-glasses-price?utm_source=Klaviyo&utm_medium=email&_kx=gVRvOvCS7oynSxEIWHF69MsCMT0fF41lJxpLgwlaP6rg6mlm1IC-lGENbJtAstdN.VPAs82,blackview-store.myshopify.com,https://store.blackview.hk/products/bv100-ai-glasses-price?utm_source=Klaviyo&utm_medium=email&_kx=gVRvOvCS7oynSxEIWHF69MsCMT0fF41lJxpLgwlaP6rg6mlm1IC-lGENbJtAstdN.VPAs82,https://store.blackview.hk/products/bv100-ai-glasses-price,store.blackview.hk,Blackview Official Store,joanna@blackview.hk,https://store.blackview.hk/products/bv100-ai-glasses-price?utm_source=Klaviyo&utm_medium=email&_kx=gVRvOvCS7oynSxEIWHF69MsCMT0fF41lJxpLgwlaP6rg6mlm1IC-lGENbJtAstdN.VPAs82,730030000,https://store.blackview.hk/products/bv100-ai-glasses-price?utm_source=Klaviyo&utm_medium=email&_kx=gVRvOvCS7oynSxEIWHF69MsCMT0fF41lJxpLgwlaP6rg6mlm1IC-lGENbJtAstdN.VPAs82,https://store.blackview.hk/pages/contact-us,[],pages_examined=5; duplicate_results=1,100,100,98,qualified,,
eyewear,site:myshopify.com/products smart glasses,97,Direct category term for an emerging purchasable product type.,site:myshopify.com/products smart glasses,3,https://lensabl.myshopify.com/products/echo-frames-lenses,lensabl.myshopify.com,https://www.lensabl.com/products/echo-frames-lenses,https://www.lensabl.com/products/echo-frames-lenses,lensabl.com,Lensabl,hello@lensabl.com,https://www.lensabl.com/products/echo-frames-lenses,,,https://www.lensabl.com/policies/contact-information,[],pages_examined=5; duplicate_results=2,100,100,91,qualified,,
eyewear,site:myshopify.com/products smart glasses,97,Direct category term for an emerging purchasable product type.,site:myshopify.com/products smart glasses,4,https://usemyframe.myshopify.com/products/prescription-lenses,usemyframe.myshopify.com,https://usemyframe.com/products/prescription-lenses,https://usemyframe.com/products/prescription-lenses,usemyframe.com,UseMyFrame,usemyframe@gmail.com,https://usemyframe.com/products/prescription-lenses,7861965,https://usemyframe.com/products/prescription-lenses,https://usemyframe.com/pages/contact-us,"[""https://www.facebook.com/sharer.php"",""https://www.facebook.com/UseMyFrame"",""https://www.youtube.com/channel/UCrdwah5wf82dWKVZ-tZKsnA""]",pages_examined=5,100,100,100,qualified,,
eyewear,site:myshopify.com/products smart glasses,97,Direct category term for an emerging purchasable product type.,site:myshopify.com/products smart glasses,5,https://sjbmw-parts.myshopify.com/products/connected-ride-smartglasses,sjbmw-parts.myshopify.com,https://sjbmw-parts.myshopify.com/products/connected-ride-smartglasses,https://sjbmw-parts.myshopify.com/products/connected-ride-smartglasses,sjbmw-parts.myshopify.com,San Jose BMW,,,40861821541990,https://sjbmw-parts.myshopify.com/products/connected-ride-smartglasses,https://sjbmw-parts.myshopify.com/products/s1000r-cowl-support,"[""https://www.facebook.com/sharer.php"",""https://twitter.com/share"",""https://pinterest.com/pin/create/button/"",""https://www.facebook.com/SJBMW"",""https://www.instagram.com/sanjosebmw/""]",pages_examined=3,100,100,82,qualified,,
eyewear,site:myshopify.com/products smart glasses,97,Direct category term for an emerging purchasable product type.,site:myshopify.com/products smart glasses,7,https://ca6e21-3.myshopify.com/products/dolphin-eyewear-finder-ios,ca6e21-3.myshopify.com,https://home.tag8.co/products/dolphin-eyewear-finder-ios-accessory-kit,https://home.tag8.co/products/dolphin-eyewear-finder-ios-accessory-kit,home.tag8.co,,,,,,,[],"{""passwordProtected"":true,""textLength"":9474,""queryTerms"":[""smart"",""glasses""]}",100,80,69,rejected,inactive_store,
eyewear,site:myshopify.com/products smart glasses,97,Direct category term for an emerging purchasable product type.,site:myshopify.com/products smart glasses,8,https://divinustech.myshopify.com/products/audio-sunglasses-gt03-05,divinustech.myshopify.com,https://divinustech.com/products/divinus-gt03-05,https://divinustech.com/products/divinus-gt03-05,divinustech.com,Divinus,service@divinustech.com,https://divinustech.com/products/divinus-gt03-05,,,https://divinustech.com/pages/contact-us,"[""https://x.com/divinusglasses"",""https://www.facebook.com/divinusglasses"",""https://www.pinterest.com/divinusglasses"",""https://www.instagram.com/divinusglasses"",""https://www.tiktok.com/@divinus.eyewear"",""https://www.youtube.com/@divinusglasses""]",pages_examined=5,100,100,93,qualified,,
eyewear,site:myshopify.com/products smart glasses,97,Direct category term for an emerging purchasable product type.,site:myshopify.com/products smart glasses,9,https://hq5w5y-bu.myshopify.com/products/lenovo-8k-ai-smarta-glasogon-transparenta-bagar-fotokromatiska-linser,hq5w5y-bu.myshopify.com,https://somai.store/products/lenovo-8k-ai-smarta-glasogon-transparenta-bagar-fotokromatiska-linser,https://somai.store/products/lenovo-8k-ai-smarta-glasogon-transparenta-bagar-fotokromatiska-linser,somai.store,somai.store,info@somai.store,https://somai.store/policies/contact-information,+460108085642,https://somai.store/policies/contact-information,https://somai.store/policies/contact-information,"[""https://x.com/RSomai23413"",""https://www.facebook.com/groups/890064197359350"",""https://se.pinterest.com/somaistore"",""https://www.instagram.com/somai.store/"",""https://www.tiktok.com/@somai.store"",""https://www.youtube.com/channel/UC92e7z20J5dJSjBRTm2qSRg""]",pages_examined=5,100,80,94,qualified,,
eyewear,site:myshopify.com/products smart glasses,97,Direct category term for an emerging purchasable product type.,site:myshopify.com/products smart glasses,10,https://7m7gzs-iv.myshopify.com/products/ls25430,7m7gzs-iv.myshopify.com,https://vbyvye.com/products/ls25430,https://vbyvye.com/products/ls25430,vbyvye.com,V BY VYE,info@vbyvye.com,https://vbyvye.com/pages/contact,5518140,https://vbyvye.com/products/ls25430,https://vbyvye.com/pages/contact,"[""https://www.facebook.com/vbyvye/"",""https://www.instagram.com/vbyvye/"",""https://www.tiktok.com/@vbyvye"",""https://www.youtube.com/@vbyvyeeyewear"",""https://www.facebook.com/sharer.php"",""https://twitter.com/share"",""https://pinterest.com/pin/create/button/""]",pages_examined=4,100,80,94,qualified,,
eyewear,site:myshopify.com/products rimless glasses,93.67,Uses established frame construction vocabulary.,site:myshopify.com/products rimless glasses,1,https://xsunglassesx.myshopify.com/products/denisa-trendy-semi-rimless-sunglasses-women-fashion-round-big-glasses-retro-oversized-eyewear-men-uv400-zonnebril-dames-g17070,xsunglassesx.myshopify.com,https://xsunglassesx.myshopify.com/products/denisa-trendy-semi-rimless-sunglasses-women-fashion-round-big-glasses-retro-oversized-eyewear-men-uv400-zonnebril-dames-g17070,https://xsunglassesx.myshopify.com/products/denisa-trendy-semi-rimless-sunglasses-women-fashion-round-big-glasses-retro-oversized-eyewear-men-uv400-zonnebril-dames-g17070,xsunglassesx.myshopify.com,xsunglassesx,,,,,,"[""https://www.facebook.com/sharer.php"",""https://twitter.com/share"",""https://pinterest.com/pin/create/button/""]",pages_examined=2,100,100,71,rejected,no_contact_information,
eyewear,site:myshopify.com/products rimless glasses,93.67,Uses established frame construction vocabulary.,site:myshopify.com/products rimless glasses,2,https://glassesindia.myshopify.com/products/gold-unisex-lightweight-rimless-frameless-rectangle-reading-glasses-for-men-women-fashion-readers-reading-glasses,glassesindia.myshopify.com,https://www.glassesindia.com/products/gold-unisex-lightweight-rimless-frameless-rectangle-reading-glasses-for-men-women-fashion-readers-reading-glasses,https://www.glassesindia.com/products/gold-unisex-lightweight-rimless-frameless-rectangle-reading-glasses-for-men-women-fashion-readers-reading-glasses,glassesindia.com,Gold Rimless Frameless Rectangle Reading Glasses For Men Women,cs@valueplusmarketing.in,https://www.glassesindia.com/pages/about-us,+918169394813,https://www.glassesindia.com/products/gold-unisex-lightweight-rimless-frameless-rectangle-reading-glasses-for-men-women-fashion-readers-reading-glasses,https://www.glassesindia.com/pages/contact-us,"[""https://twitter.com/GlassesIndia"",""https://www.facebook.com/Glasses-India-103984134714965/"",""https://www.pinterest.com/glassesindia"",""http://instagram.com/glassesindiaonline"",""https://www.youtube.com/channel/UCGh1I5mfq_hcCUd4lTUVe9w""]",pages_examined=5,100,100,100,qualified,,
eyewear,site:myshopify.com/products rimless glasses,93.67,Uses established frame construction vocabulary.,site:myshopify.com/products rimless glasses,4,https://dkydv0-79.myshopify.com/products/chrome-hearts-black-bead-cross-necklace,dkydv0-79.myshopify.com,https://zeonx.in/products/chrome-hearts-black-bead-cross-necklace,https://zeonx.in/products/chrome-hearts-black-bead-cross-necklace,zeonx.in,ZeonX,zeonxsupport@gmail.com,https://zeonx.in/policies/privacy-policy,,,https://zeonx.in/policies/contact-information,"[""https://www.instagram.com/zeonx.in""]",pages_examined=5,100,100,93,qualified,,
eyewear,site:myshopify.com/products rimless glasses,93.67,Uses established frame construction vocabulary.,site:myshopify.com/products rimless glasses,5,https://sachinteststore.myshopify.com/products/simplicityr586r,sachinteststore.myshopify.com,https://sachinteststore.myshopify.com/products/simplicityr586r,https://sachinteststore.myshopify.com/products/simplicityr586r,sachinteststore.myshopify.com,SachinTestStore,,,356566333,https://sachinteststore.myshopify.com/products/simplicityr586r,,"[""https://www.facebook.com/sharer.php"",""https://twitter.com/share"",""https://pinterest.com/pin/create/button/"",""https://twitter.com/shopify"",""https://facebook.com/shopify"",""https://instagram.com/shopify""]",pages_examined=2,100,80,72,qualified,,
eyewear,site:myshopify.com/products rimless glasses,93.67,Uses established frame construction vocabulary.,site:myshopify.com/products rimless glasses,7,https://jubleelens-eyeglass.myshopify.com/products/jubleelens%C2%AE-kids-frameq-for-eye-protection-purple-1,jubleelens-eyeglass.myshopify.com,https://jubleelens.com/products/spectacles-rimless-multicolor-collection-frame,https://jubleelens.com/products/spectacles-rimless-multicolor-collection-frame,jubleelens.com,Spectacles Rimless Multicolor collection Frame,support@jubleelens.com,https://jubleelens.com/products/spectacles-rimless-multicolor-collection-frame,+91805530801310,https://jubleelens.com/products/spectacles-rimless-multicolor-collection-frame,https://jubleelens.com/hi/pages/contact-us,"[""https://www.facebook.com/Jubleelens"",""https://www.instagram.com/jubleelens_eyeglasses/"",""https://www.youtube.com/channel/UC98X9Fo573O0IhM3d5P5bQw"",""https://x.com/supportcare11"",""https://in.pinterest.com/jubleelens/""]",pages_examined=5; duplicate_results=1,100,80,94,qualified,,
eyewear,site:myshopify.com/products rimless glasses,93.67,Uses established frame construction vocabulary.,site:myshopify.com/products rimless glasses,8,https://dina-cs-fab-and-funky-consignment-boutique.myshopify.com/products/chanel-vintage-orange-rimless-sunglasses,dina-cs-fab-and-funky-consignment-boutique.myshopify.com,https://dina-cs-fab-and-funky-consignment-boutique.myshopify.com/products/chanel-vintage-orange-rimless-sunglasses,https://dina-cs-fab-and-funky-consignment-boutique.myshopify.com/products/chanel-vintage-orange-rimless-sunglasses,dina-cs-fab-and-funky-consignment-boutique.myshopify.com,Dina C's Fab and Funky Consignment Boutique,dinacfabandfunky@icloud.com,https://dina-cs-fab-and-funky-consignment-boutique.myshopify.com/pages/contact-us,5616591420,https://dina-cs-fab-and-funky-consignment-boutique.myshopify.com/pages/contact-us,https://dina-cs-fab-and-funky-consignment-boutique.myshopify.com/pages/contact-us,"[""https://www.facebook.com/sharer.php"",""https://twitter.com/share"",""https://pinterest.com/pin/create/button/"",""https://www.instagram.com/dinacfabandfunky/""]",pages_examined=3,100,80,88,qualified,,
eyewear,site:myshopify.com/products rimless glasses,93.67,Uses established frame construction vocabulary.,site:myshopify.com/products rimless glasses,10,https://dita-eyewear-sandbox.myshopify.com/products/flight-006,dita-eyewear-sandbox.myshopify.com,https://dita.com/en-in/products/flight-006,https://dita.com/en-in/products/flight-006,dita.com,FLIGHT.006,support@dita.com,https://dita.com/en-in/products/flight-006,8882452202,https://dita.com/en-in/products/flight-006,https://dita.com/en-in/pages/contact,"[""https://www.instagram.com/ditaeyewear/"",""https://www.facebook.com/ditaeyewear/"",""https://twitter.com/ditaeyewear"",""https://www.pinterest.com/ditaeyewear/_created"",""https://www.youtube.com/user/ditaeyewear/"",""https://www.linkedin.com/company/dita-eyewear/""]",pages_examined=5,100,80,94,qualified,,
eyewear,site:myshopify.com/products oval frame glasses,92.13,Targets a concrete shape-based product family.,site:myshopify.com/products oval frame glasses,2,https://banbeeyewear.myshopify.com/products/the-rodrigo-black-black,banbeeyewear.myshopify.com,https://banbeeyewear.myshopify.com/products/the-rodrigo-black-black,https://www.banbeeyewear.com/products/the-rodrigo-black-black,banbeeyewear.com,"THE RODRIGO - BLACK-BLACKThe Rodrigo by BANBE are oval sunglasses designed with a sleek, streamlined silhouette for effortlessly refined styling. Featuring a refined oval frame shape and elevated detailing, this versatile style delivers a polished finish with a contemporary edge. Featuring;acetate frame construction oval sunglasses silhouette gold hardware engraved with BANBE logo on outer left arm style details printed in gold foil on inner right arm scratch-resistant lenses polarisation degree | A degree UV protection | Cat 3 includes branded case and cleaning cloth designed in Australia width | 14cm | lens height | 3cm | arm length | 14cm | nose bridge | 1.9cmAvailable in Black-Black, Dark Cacao-Espresso, Coffee-Coffee and Toffee Tort-Chocolate.B-1217-BLKBLK-15506-146783-357628 $99.95 SUNGLASSES BANBE",enquiries@banbeeyewear.com,https://banbeeyewear.myshopify.com/products/the-rodrigo-black-black,0275010015,https://banbeeyewear.myshopify.com/pages/contact-us,https://banbeeyewear.myshopify.com/pages/contact-us,"[""https://www.instagram.com/banbeeyewear"",""https://www.facebook.com/settings/""]",pages_examined=4,100,80,94,qualified,,
eyewear,site:myshopify.com/products oval frame glasses,92.13,Targets a concrete shape-based product family.,site:myshopify.com/products oval frame glasses,3,https://sojosstore.myshopify.com/products/rsj2611,sojosstore.myshopify.com,https://sojosstore.myshopify.com/products/rsj2611,https://www.sojosvision.com/products/rsj2611,sojosvision.com,SOJOS,help@sojosvision.com,https://sojosstore.myshopify.com/products/rsj2611,46641409032440,https://sojosstore.myshopify.com/products/rsj2611,https://sojosstore.myshopify.com/pages/contact-us-support,"[""https://www.instagram.com/sojosvision/"",""https://www.tiktok.com/@sojosvision"",""https://www.facebook.com/groups/489051055723424"",""https://www.pinterest.com/sojosvision/"",""https://www.youtube.com/@SojosVision""]",pages_examined=5; duplicate_results=2,100,80,94,qualified,,
eyewear,site:myshopify.com/products oval frame glasses,92.13,Targets a concrete shape-based product family.,site:myshopify.com/products oval frame glasses,4,https://quayusa.myshopify.com/products/anyways,quayusa.myshopify.com,https://www.quay.com/products/anyways,https://www.quay.com/products/anyways,quay.com,Home,helpdesk@quay.com,https://www.quay.com/pages/privacy-policy,74118078274,https://www.quay.com/pages/privacy-policy,,"[""https://www.tiktok.com/@quay"",""https://www.instagram.com/quayaustralia/"",""https://www.facebook.com/quayaustralia/"",""https://www.pinterest.com/quayaustralia/"",""https://www.tiktok.com/@quayaustralia""]",pages_examined=5,100,80,90,qualified,,
eyewear,site:myshopify.com/products oval frame glasses,92.13,Targets a concrete shape-based product family.,site:myshopify.com/products oval frame glasses,5,https://bouquet-casting-co-2.myshopify.com/products/pressed-flower-frame,bouquet-casting-co-2.myshopify.com,https://bouquetcasting.co/products/pressed-flower-frame,https://bouquetcasting.co/products/pressed-flower-frame,bouquetcasting.co,Pressed Flower Frame,info@bouquetcasting.com,https://bouquetcasting.co/pages/contact,3022526394,https://bouquetcasting.co/products/pressed-flower-frame,https://bouquetcasting.co/pages/contact,"[""https://www.instagram.com/bouquetcastingco/"",""https://www.facebook.com/BouquetCastingCompany"",""https://www.pinterest.com/bouquetcastingco/"",""https://www.youtube.com/@bouquetcastingco""]",pages_examined=5,100,53,86,qualified,,
eyewear,site:myshopify.com/products oval frame glasses,92.13,Targets a concrete shape-based product family.,site:myshopify.com/products oval frame glasses,6,https://marymaguireart.myshopify.com/products/ships-at-sea-5-1-2-x-6-3-4-inch-gilt-oval-per-piece,marymaguireart.myshopify.com,https://marymaguireart.myshopify.com/,https://marymaguireart.myshopify.com/,marymaguireart.myshopify.com,marymaguireart,studio@marymaguireart.com,https://marymaguireart.myshopify.com/pages/about-us/follow,,,https://marymaguireart.myshopify.com/pages/contact,"[""https://www.instagram.com/marymaguireart/""]",pages_examined=5,100,53,73,qualified,,
eyewear,site:myshopify.com/products oval frame glasses,92.13,Targets a concrete shape-based product family.,site:myshopify.com/products oval frame glasses,7,https://veromoda-india.myshopify.com/products/901888401-pink-oval-framed-sunglasses?vsFromReqId=019b94f5cafe01518a4fa5c78c6ea5&vsFromPid=10074815234326&vsFromPos=1,veromoda-india.myshopify.com,https://www.veromoda.in/products/901888401-pink-oval-framed-sunglasses?vsFromReqId=019b94f5cafe01518a4fa5c78c6ea5&vsFromPid=10074815234326&vsFromPos=1,https://www.veromoda.in/products/901888401-pink-oval-framed-sunglasses,veromoda.in,VERO MODA,help@veromoda.in,https://www.veromoda.in/products/901888401-pink-oval-framed-sunglasses?vsFromReqId=019b94f5cafe01518a4fa5c78c6ea5&vsFromPid=10074815234326&vsFromPos=1,18002660006,https://www.veromoda.in/products/901888401-pink-oval-framed-sunglasses?vsFromReqId=019b94f5cafe01518a4fa5c78c6ea5&vsFromPid=10074815234326&vsFromPos=1,https://www.veromoda.in/pages/contact,"[""https://www.facebook.com/sharer.php"",""https://twitter.com/intent/tweet"",""https://pinterest.com/pin/create/button/"",""https://www.facebook.com/VeroModaIndia"",""https://twitter.com/veromodaindia"",""https://www.instagram.com/veromodaindia"",""https://www.youtube.com/user/VeroModaInd""]",pages_examined=5; duplicate_results=1,100,80,94,qualified,,
eyewear,site:myshopify.com/products oval frame glasses,92.13,Targets a concrete shape-based product family.,site:myshopify.com/products oval frame glasses,10,https://petiteglasses-com.myshopify.com/products/heather-petite-glasses,petiteglasses-com.myshopify.com,https://petiteglasses.com/,https://petiteglasses.com/,petiteglasses.com,PetiteGlasses.com,contact@petiteglasses.com,https://petiteglasses.com/,481613836,https://petiteglasses.com/,https://petiteglasses.com/pages/contact,"[""https://x.com/petiteglasses"",""https://www.facebook.com/PetiteGlasses"",""https://www.pinterest.com/petiteglasses/"",""https://www.instagram.com/petiteglassesdotcom/"",""https://www.youtube.com/@petiteglassesdotcom574""]",pages_examined=4,100,80,94,qualified,,
eyewear,site:myshopify.com/products driving glasses,90.13,Specific purchasable use-case phrase rather than an informational query.,site:myshopify.com/products driving glasses,1,https://sdc044.myshopify.com/products/classic-polarized-sunglasses-men-glasses-driving-coating-black-frame-fishing-driving-eyewear-male-sun-glasses-oculos-pl278,sdc044.myshopify.com,https://sdc044.myshopify.com/products/classic-polarized-sunglasses-men-glasses-driving-coating-black-frame-fishing-driving-eyewear-male-sun-glasses-oculos-pl278,https://sdc044.myshopify.com/products/classic-polarized-sunglasses-men-glasses-driving-coating-black-frame-fishing-driving-eyewear-male-sun-glasses-oculos-pl278,sdc044.myshopify.com,SDC044,,,,,,"[""https://twitter.com/intent/tweet"",""https://www.facebook.com/sharer/sharer.php"",""https://pinterest.com/pin/create/button/""]",pages_examined=1,100,100,71,rejected,no_contact_information,
eyewear,site:myshopify.com/products driving glasses,90.13,Specific purchasable use-case phrase rather than an informational query.,site:myshopify.com/products driving glasses,2,https://showcase-sunglasses.myshopify.com/products/polaroid-driving-sunglasses,showcase-sunglasses.myshopify.com,https://showcase-sunglasses.myshopify.com/products/polaroid-driving-sunglasses,https://showcase-sunglasses.myshopify.com/products/polaroid-driving-sunglasses,showcase-sunglasses.myshopify.com,Showcase Sunglasses,showcasesunglasses@gmail.com,https://showcase-sunglasses.myshopify.com/products/polaroid-driving-sunglasses,,,https://showcase-sunglasses.myshopify.com/pages/contact-us,"[""https://www.facebook.com/Showcase-Sunglasses-662372103951288/"",""https://www.pinterest.com/showcasesunglasses/"",""https://www.instagram.com/showcasesunglasses/""]",pages_examined=4; duplicate_results=2,100,80,81,qualified,,
eyewear,site:myshopify.com/products driving glasses,90.13,Specific purchasable use-case phrase rather than an informational query.,site:myshopify.com/products driving glasses,3,https://sdc032.myshopify.com/products/kingseven-men-polarized-sunglasses-aluminum-magnesium-sun-glasses-driving-glasses-rectangle-shades-for-men-oculos-masculino-male,sdc032.myshopify.com,https://sdc032.myshopify.com/products/kingseven-men-polarized-sunglasses-aluminum-magnesium-sun-glasses-driving-glasses-rectangle-shades-for-men-oculos-masculino-male,https://sdc032.myshopify.com/products/kingseven-men-polarized-sunglasses-aluminum-magnesium-sun-glasses-driving-glasses-rectangle-shades-for-men-oculos-masculino-male,sdc032.myshopify.com,SDC032,,,,,,"[""https://twitter.com/intent/tweet"",""https://www.facebook.com/sharer/sharer.php"",""https://pinterest.com/pin/create/button/""]",pages_examined=1,100,100,71,rejected,no_contact_information,
eyewear,site:myshopify.com/products driving glasses,90.13,Specific purchasable use-case phrase rather than an informational query.,site:myshopify.com/products driving glasses,4,https://eddie-vocal.myshopify.com/products/forauto-night-vision-driver-goggles-unisex-hd-vision-sun-glasses-car-driving-glasses-uv-protection-sunglasses-eyewear,eddie-vocal.myshopify.com,https://eddie-vocal.myshopify.com/products/forauto-night-vision-driver-goggles-unisex-hd-vision-sun-glasses-car-driving-glasses-uv-protection-sunglasses-eyewear,https://eddie-vocal.myshopify.com/products/forauto-night-vision-driver-goggles-unisex-hd-vision-sun-glasses-car-driving-glasses-uv-protection-sunglasses-eyewear,eddie-vocal.myshopify.com,Eddie Vocal,,,,,,"[""https://www.facebook.com/sharer.php"",""https://twitter.com/share"",""https://pinterest.com/pin/create/button/""]",pages_examined=1,100,100,71,rejected,no_contact_information,
eyewear,site:myshopify.com/products driving glasses,90.13,Specific purchasable use-case phrase rather than an informational query.,site:myshopify.com/products driving glasses,5,https://sdb254.myshopify.com/products/aofly-brand-design-classic-polarized-sunglasses-men-women-driving-square-frame-sun-glasses-male-goggle-uv400-gafas-de-sol-af8083,sdb254.myshopify.com,https://sdb254.myshopify.com/products/aofly-brand-design-classic-polarized-sunglasses-men-women-driving-square-frame-sun-glasses-male-goggle-uv400-gafas-de-sol-af8083,https://sdb254.myshopify.com/products/aofly-brand-design-classic-polarized-sunglasses-men-women-driving-square-frame-sun-glasses-male-goggle-uv400-gafas-de-sol-af8083,sdb254.myshopify.com,SDB254,,,,,,"[""https://twitter.com/intent/tweet"",""https://www.facebook.com/sharer/sharer.php"",""https://pinterest.com/pin/create/button/""]",pages_examined=1,100,100,71,rejected,no_contact_information,
eyewear,site:myshopify.com/products driving glasses,90.13,Specific purchasable use-case phrase rather than an informational query.,site:myshopify.com/products driving glasses,6,https://randolphengineering.myshopify.com/products/aviator-matte-black-redline,randolphengineering.myshopify.com,https://www.randolphusa.com/products/aviator-matte-black-redline,https://www.randolphusa.com/products/aviator-matte-black-redline,randolphusa.com,Aviator - Matte Black & Redline,privacy@randolphusa.com,https://www.randolphusa.com/pages/privacy-policy,8005411405,https://www.randolphusa.com/products/aviator-matte-black-redline,https://www.randolphusa.com/pages/contact-us,"[""https://www.facebook.com/RandolphUSA"",""https://twitter.com/RandolphUSA"",""https://www.instagram.com/randolphusa/"",""https://www.pinterest.com/randolph_usa/"",""https://www.youtube.com/c/randolphengineering"",""https://www.tiktok.com/@randolphusa"",""https://www.linkedin.com/company/randolph-engineering-inc-""]",pages_examined=5,100,80,94,qualified,,
eyewear,site:myshopify.com/products driving glasses,90.13,Specific purchasable use-case phrase rather than an informational query.,site:myshopify.com/products driving glasses,10,https://idiotee.myshopify.com/products/new-style-2019-sunglasses-men-brand-designer-sun-glasses-driving-oculos-de-sol-masculino-grandmaster-square-sunglass,idiotee.myshopify.com,https://idiotee.myshopify.com/products/new-style-2019-sunglasses-men-brand-designer-sun-glasses-driving-oculos-de-sol-masculino-grandmaster-square-sunglass,https://idiotee.myshopify.com/products/new-style-2019-sunglasses-men-brand-designer-sun-glasses-driving-oculos-de-sol-masculino-grandmaster-square-sunglass,idiotee.myshopify.com,idiotee,support-idotee@gmail.com,https://idiotee.myshopify.com/products/new-style-2019-sunglasses-men-brand-designer-sun-glasses-driving-oculos-de-sol-masculino-grandmaster-square-sunglass,,,https://idiotee.myshopify.com/pages/contact-us,"[""https://www.facebook.com/sharer.php"",""https://twitter.com/share"",""https://pinterest.com/pin/create/button/""]",pages_examined=5,100,80,81,qualified,,
eyewear,site:myshopify.com/products prescription glasses,88.38,Uses the dominant functional product term without adding abstract intent.,site:myshopify.com/products prescription glasses,2,https://onixpickleball.myshopify.com/products/pickleball-eyewear-rx,onixpickleball.myshopify.com,https://www.onixpickleball.com/products/pickleball-eyewear-rx,https://www.onixpickleball.com/products/pickleball-eyewear-rx,onixpickleball.com,Pickleball Glasses - Owl RX,,,18004671421,https://www.onixpickleball.com/products/pickleball-eyewear-rx,https://www.onixpickleball.com/pages/contact-us,"[""https://twitter.com/OnixPickleball"",""https://www.facebook.com/OnixPickleball/"",""https://www.instagram.com/onixpickleball/"",""https://www.youtube.com/channel/UCvuaIXI9rimvQdv_PlLSxZQ""]",pages_examined=5,100,80,82,qualified,,
eyewear,site:myshopify.com/products prescription glasses,88.38,Uses the dominant functional product term without adding abstract intent.,site:myshopify.com/products prescription glasses,5,https://bonlookmtl.myshopify.com/products/aura-eyeglasses/copper,bonlookmtl.myshopify.com,https://www.bonlook.ca/collections/eyeglasses,https://www.bonlook.ca/collections/eyeglasses,bonlook.ca,BonLook,support@bonlook.com,https://www.bonlook.ca/collections/eyeglasses,+18777556659,https://www.bonlook.ca/collections/eyeglasses,https://www.bonlook.ca/pages/help,"[""https://www.facebook.com/bonlook.eyewear"",""https://www.instagram.com/bonlook/"",""https://twitter.com/BonLook""]",pages_examined=5,100,100,100,qualified,,
eyewear,site:myshopify.com/products prescription glasses,88.38,Uses the dominant functional product term without adding abstract intent.,site:myshopify.com/products prescription glasses,6,https://vr-rock.myshopify.com/products/for-pico-4-vr-magnetic-prescription-lens,vr-rock.myshopify.com,https://www.vr-rock.com/products/pico-4-prescription-lenses,https://www.vr-rock.com/products/pico-4-prescription-lenses,vr-rock.com,VR ROCK,support@vr-rock.com,https://www.vr-rock.com/pages/contact-us,5011931193,https://www.vr-rock.com/products/pico-4-prescription-lenses,https://www.vr-rock.com/pages/contact-us,"[""https://twitter.com/VRRock_official"",""https://www.facebook.com/VRRockofficial"",""https://www.instagram.com/vr_rock_official/"",""https://www.youtube.com/@vrrock3095/videos""]",pages_examined=5; duplicate_results=2,100,80,94,qualified,,
eyewear,site:myshopify.com/products prescription glasses,88.38,Uses the dominant functional product term without adding abstract intent.,site:myshopify.com/products prescription glasses,7,https://designeroptics-com.myshopify.com/products/prada-01qv-eyeglasses,designeroptics-com.myshopify.com,https://designeroptics.com/collections/prada-eyeglasses,https://designeroptics.com/collections/prada-eyeglasses,designeroptics.com,Home,support@designeroptics.com,https://designeroptics.com/collections/prada-eyeglasses,7184120407,https://designeroptics.com/collections/prada-eyeglasses,https://designeroptics.com/collections/contact-lenses,"[""https://www.facebook.com/DesignerOpticscom/"",""https://www.instagram.com/designer_optics/"",""https://twitter.com/DesignerOptics1"",""https://www.youtube.com/channel/UCI8q_Pta7ISOSSuEudqq17A"",""https://www.linkedin.com/company/designeroptics-com"",""https://pinterest.com/designeroptics/""]",pages_examined=5,100,80,94,qualified,,
eyewear,site:myshopify.com/products prescription glasses,88.38,Uses the dominant functional product term without adding abstract intent.,site:myshopify.com/products prescription glasses,8,https://gunnaroptiksllc.myshopify.com/products/cruz-kids-large-spider-man-edition,gunnaroptiksllc.myshopify.com,https://gunnar.com/products/cruz-kids-large-spider-man-edition,https://gunnar.com/products/cruz-kids-large-spider-man-edition,gunnar.com,GUNNAR,support@gunnars.com,https://gunnar.com/pages/about,18884866270,https://gunnar.com/pages/contact,https://gunnar.com/pages/contact,"[""https://twitter.com/GUNNAROptiks"",""https://www.facebook.com/GUNNAROptiks"",""https://www.instagram.com/gunnaroptiks/"",""https://www.tiktok.com/@gunnaroptiks"",""https://www.youtube.com/user/gunnaroptiks""]",pages_examined=5,100,80,94,qualified,,
eyewear,site:myshopify.com/products sport sunglasses,88.38,Clear use-case product phrase with broad global applicability.,site:myshopify.com/products sport sunglasses,2,https://relodestorecom.myshopify.com/products/swift-sportglasogon,relodestorecom.myshopify.com,https://relodestore.com/products/swift-sportglasogon,https://relodestore.com/products/swift-sportglasogon,relodestore.com,relodestore.com,info@relode.se,https://relodestore.com/policies/privacy-policy,4637931,https://relodestore.com/products/swift-sportglasogon,https://relodestore.com/pages/help-center,"[""https://www.instagram.com/relode/"",""https://www.facebook.com/Relode.se/"",""https://www.tiktok.com/@relodeathletes""]",pages_examined=5; duplicate_results=1,100,100,100,qualified,,
eyewear,site:myshopify.com/products sport sunglasses,88.38,Clear use-case product phrase with broad global applicability.,site:myshopify.com/products sport sunglasses,4,https://bots-store.myshopify.com/products/oakley-sphaera-sport-sunglasses-prizm-24k-matte-carbon,bots-store.myshopify.com,https://bumsonthesaddle.com/products/oakley-sphaera-sport-sunglasses-prizm-24k-matte-carbon,https://bumsonthesaddle.com/products/oakley-sphaera-sport-sunglasses-prizm-24k-matte-carbon,bumsonthesaddle.com,Oakley Sphaera Sport Sunglasses (Prizm 24k/Matte Carbon),support@bumsonthesaddle.com,https://bumsonthesaddle.com/products/oakley-sphaera-sport-sunglasses-prizm-24k-matte-carbon,08047183232,https://bumsonthesaddle.com/products/oakley-sphaera-sport-sunglasses-prizm-24k-matte-carbon,https://bumsonthesaddle.com/pages/contact-us,[],pages_examined=5; duplicate_results=1,100,100,98,qualified,,
eyewear,site:myshopify.com/products sport sunglasses,88.38,Clear use-case product phrase with broad global applicability.,site:myshopify.com/products sport sunglasses,6,https://knockaroundeu.myshopify.com/products/premiums-sport-grp,knockaroundeu.myshopify.com,https://knockaroundeu.myshopify.com/products/premiums-sport-grp,https://knockaroundeu.myshopify.com/products/premiums-sport-grp,knockaroundeu.myshopify.com,Premiums Sport,knockaround@samplenco.com,https://knockaroundeu.myshopify.com/pages/legal-notice,+33627341003,https://knockaroundeu.myshopify.com/pages/contact,https://knockaroundeu.myshopify.com/pages/contact,"[""https://www.facebook.com/knockaround"",""https://twitter.com/knockaround"",""https://www.instagram.com/knockaround/"",""https://www.pinterest.com/knockaround/"",""https://www.youtube.com/knockaround""]",pages_examined=5,100,100,94,qualified,,
eyewear,site:myshopify.com/products sport sunglasses,88.38,Clear use-case product phrase with broad global applicability.,site:myshopify.com/products sport sunglasses,7,https://runnerssunglasses.myshopify.com/products/black-polarized-running-sunglasses-uv400-50mm-blue-lenses,runnerssunglasses.myshopify.com,https://www.runnersathletics.com/products/black-polarized-running-sunglasses-uv400-50mm-blue-lenses,https://www.runnersathletics.com/products/black-polarized-running-sunglasses-uv400-50mm-blue-lenses,runnersathletics.com,Runner&#39;s Athletics,runnerssupport@runnersathletics.com,https://www.runnersathletics.com/collections/high-support-sports-bra,2253411677,https://www.runnersathletics.com/collections/high-support-sports-bra,https://www.runnersathletics.com/collections/high-support-sports-bra,"[""https://www.facebook.com/runnersathletics"",""https://www.instagram.com/runnersathletics""]",pages_examined=5,100,100,100,qualified,,
eyewear,site:myshopify.com/products sport sunglasses,88.38,Clear use-case product phrase with broad global applicability.,site:myshopify.com/products sport sunglasses,9,https://julbo.myshopify.com/products/pipeline-1,julbo.myshopify.com,https://julbo-canada.ca/collections/sunglasses,https://julbo-canada.ca/collections/sunglasses,julbo-canada.ca,Julbo Canada,info@julbo-canada.ca,https://julbo-canada.ca/collections/sunglasses,4983445258371,https://julbo-canada.ca/collections/sunglasses,https://julbo-canada.ca/pages/contact-us,"[""https://www.facebook.com/JulboCanada"",""https://www.instagram.com/julbocanada/"",""https://www.youtube.com/@julbo""]",pages_examined=5,100,80,94,qualified,,
