shop_type,query,query_score,raw_results,relevant_results,unique_hosts,duplicate_products,estimated_results,next_page_available,market_signal,seasonality,query_generation_reason,source_urls,status,rejection_reason
eyewear,site:myshopify.com/products polarized sunglasses,70,10,10,5,5,5840,true,"Evergreen core category with strong demand tied to UV protection, outdoor use, and premium lens features.",evergreen,Uses a common purchasable product type plus a high-intent lens attribute.,"[""https://www.grandviewresearch.com/industry-analysis/sunglasses-market""]",rejected,not_selected
eyewear,site:myshopify.com/products photochromic sunglasses,100,10,10,10,0,598,true,Growing lens-technology segment associated with adaptive light use and convenience.,growing,Combines a concrete product with an established adaptive-lens term.,"[""https://www.grandviewresearch.com/industry-analysis/eyewear-industry"",""https://www.fortunebusinessinsights.com/sunglasses-market-116210""]",selected,
eyewear,site:myshopify.com/products blue light glasses,100,10,10,10,0,64000,true,Established online product category for screen-use shoppers.,evergreen,Directly matches frequent Shopify product-title vocabulary.,"[""https://www.grandviewresearch.com/industry-analysis/eyewear-industry""]",selected,
eyewear,site:myshopify.com/products reading glasses,74,10,9,7,3,4260,true,Large evergreen need-based category with repeat and replacement purchasing.,evergreen,"Broad, highly purchasable product phrase.","[""https://www.grandviewresearch.com/industry-analysis/eyewear-frames-market-report""]",rejected,not_selected
eyewear,site:myshopify.com/products prescription glasses,88.38,10,10,8,2,2770,true,Foundational eyewear category spanning online optical and direct-to-consumer shops.,evergreen,Uses the dominant functional product term without adding abstract intent.,"[""https://www.grandviewresearch.com/industry-analysis/eyewear-industry""]",selected,
eyewear,site:myshopify.com/products clip on sunglasses,98.5,10,10,10,0,10400,true,Practical add-on category for prescription-wearers seeking sun protection.,evergreen,Concrete format term likely to appear in product titles.,"[""https://www.grandviewresearch.com/industry-analysis/eyewear-industry""]",selected,
eyewear,site:myshopify.com/products sport sunglasses,88.38,10,10,8,2,21600,true,Outdoor and performance eyewear remains a durable product segment.,mixed,Clear use-case product phrase with broad global applicability.,"[""https://www.grandviewresearch.com/industry-analysis/sunglasses-market""]",selected,
eyewear,site:myshopify.com/products driving glasses,90.13,10,9,8,2,3770,true,"Need-based specialty eyewear for glare, contrast, and road-use shoppers.",evergreen,Specific purchasable use-case phrase rather than an informational query.,"[""https://www.grandviewresearch.com/industry-analysis/eyewear-industry""]",selected,
eyewear,site:myshopify.com/products computer glasses,73,10,10,6,4,22600,true,Evergreen screen-use category overlapping with blue-light lens demand.,evergreen,Common retail synonym that captures distinct product listings.,"[""https://www.grandviewresearch.com/industry-analysis/eyewear-industry""]",rejected,not_selected
eyewear,site:myshopify.com/products rimless glasses,93.67,10,10,9,1,1530,true,Rimless frames are a recognized frame-type segment and minimalist style.,evergreen,Uses established frame construction vocabulary.,"[""https://www.grandviewresearch.com/industry-analysis/eyewear-frames-market-report"",""https://www.grandviewresearch.com/industry-analysis/sunglasses-market""]",selected,
eyewear,site:myshopify.com/products cat eye glasses,73,10,10,6,4,6550,true,Cat-eye styling is identified as a resurging fashion frame trend.,growing,Distinctive high-intent style phrase commonly used in product titles.,"[""https://www.grandviewresearch.com/industry-analysis/eyewear-frames-market-report""]",rejected,not_selected
eyewear,site:myshopify.com/products round frame glasses,76,10,10,7,3,3680,true,Round frames are a durable shape-based shopping category.,evergreen,Combines a recognized frame shape with the product noun.,"[""https://www.grandviewresearch.com/industry-analysis/eyewear-frames-market-report""]",rejected,not_selected
eyewear,site:myshopify.com/products square frame glasses,76,10,10,7,3,19200,true,Square frames are a core shape category across prescription and non-prescription eyewear.,evergreen,Specific frame-style phrase with broad product coverage.,"[""https://www.grandviewresearch.com/industry-analysis/eyewear-frames-market-report""]",rejected,not_selected
eyewear,site:myshopify.com/products oval frame glasses,92.13,10,10,8,2,6230,true,Oval is a standard frame-shape segment used in eyewear merchandising.,evergreen,Targets a concrete shape-based product family.,"[""https://www.grandviewresearch.com/industry-analysis/eyewear-frames-market-report""]",selected,
eyewear,site:myshopify.com/products aviator sunglasses,67,10,10,4,6,6600,true,Evergreen recognizable sunglasses style with broad global retail presence.,evergreen,High-intent style phrase likely to match product-page titles.,"[""https://www.grandviewresearch.com/industry-analysis/sunglasses-market""]",rejected,not_selected
eyewear,site:myshopify.com/products oversized sunglasses,67,10,10,4,6,13000,true,Fashion-led sunglasses benefit from consumers treating eyewear as an outfit accessory.,mixed,Concrete silhouette term with strong merchandising utility.,"[""https://www.grandviewresearch.com/industry-analysis/eyewear-industry"",""https://www.grandviewresearch.com/industry-analysis/sunglasses-market""]",rejected,not_selected
eyewear,site:myshopify.com/products tortoise shell glasses,76,10,10,7,3,4730,true,Tortoise coloring is a persistent frame-material and style descriptor.,evergreen,Product-title color/style vocabulary with clear purchase intent.,"[""https://www.grandviewresearch.com/industry-analysis/eyewear-frames-market-report""]",rejected,not_selected
eyewear,site:myshopify.com/products metal frame glasses,73,10,10,6,4,37100,true,Metal is a major eyewear frame-material segment.,evergreen,Uses a standard material descriptor and product category.,"[""https://www.grandviewresearch.com/industry-analysis/sunglasses-market"",""https://www.grandviewresearch.com/industry-analysis/eyewear-frames-market-report""]",rejected,not_selected
eyewear,site:myshopify.com/products acetate frame glasses,73,10,10,6,4,2100,true,"Acetate frames are associated with lightweight, fashion-oriented, and premium offerings.",growing,Specific purchasable construction phrase suitable for Shopify discovery.,"[""https://www.fortunebusinessinsights.com/sunglasses-market-116210""]",rejected,not_selected
eyewear,site:myshopify.com/products clear frame glasses,76,10,10,7,3,19100,true,Clear frames are a recognizable style variation across optical product catalogs.,evergreen,Common retail descriptor with a distinct visual product family.,"[""https://www.grandviewresearch.com/industry-analysis/eyewear-frames-market-report""]",rejected,not_selected
eyewear,site:myshopify.com/products kids glasses,64,10,10,8,2,44800,true,Evergreen replacement and fit-driven category serving children and parents.,evergreen,"Short, direct product phrase used by retailers.",[],rejected,not_selected
eyewear,site:myshopify.com/products safety glasses,68,10,9,5,5,5490,true,"Functional protective eyewear is evergreen across work, workshop, and hobby use cases.",evergreen,Highly concrete product category with broad demand.,"[""https://www.grandviewresearch.com/industry-analysis/eyewear-industry""]",rejected,not_selected
eyewear,site:myshopify.com/products swim goggles,100,10,10,10,0,2740,true,Established sport-specific eyewear category with recurring seasonal demand.,seasonal,Concrete sports product phrase distinct from general sunglasses.,"[""https://www.grandviewresearch.com/industry-analysis/eyewear-industry""]",selected,
eyewear,site:myshopify.com/products smart glasses,97,10,10,9,1,16500,true,Emerging technology-led category supported by increasing attention to AI and connected eyewear.,growing,Direct category term for an emerging purchasable product type.,"[""https://lp.euromonitor.com/the-world-market-for-eyewear/report"",""https://www.euromonitor.com/top-five-trends-in-eyewear/report""]",selected,
eyewear,site:myshopify.com/products photochromic glasses,85,10,10,10,0,520,true,Growing adaptive-lens category spanning everyday optical and outdoor use.,growing,Captures optical listings that may not use the sunglasses label.,"[""https://www.grandviewresearch.com/industry-analysis/eyewear-industry"",""https://www.fortunebusinessinsights.com/sunglasses-market-116210""]",rejected,not_selected
